<?xml version="1.0" encoding="UTF-8"?><idempiere Name="AD_ViewColumn" Version="1.0.0" idempiereVersion="11.0.0.202407190953" DataBaseVersion="2023-12-24" Description="" Author="Carlos Ruiz" AuthorEmail="carlos.ruiz@globalqss.com" CreatedDate="Tue Jul 23 11:54:10 CEST 2024" UpdatedDate="Tue Jul 23 11:54:10 CEST 2024" PackOutVersion="100" UpdateDictionary="false" Client="0-SYSTEM-System" AD_Client_UU="11237b53-9592-4af1-b3c5-afd216514b5d">
    <AD_ViewColumn type="table">
        <AD_Client_ID>0</AD_Client_ID>
        <AD_Org_ID>0</AD_Org_ID>
        <AD_ViewColumn_UU>727a38d8-6a21-4efe-b3bd-88c670945c8a</AD_ViewColumn_UU>
        <Description>Show Tax Indicator for Cost Accounts (4%) - Convert BU from 940 to 190 when is selling an Item</Description>
        <EntityType>BAY</EntityType>
        <IsActive>Y</IsActive>
        <AD_ViewComponent_ID reference="uuid" reference-key="AD_ViewComponent">133d4192-0f90-48eb-b11f-bc4ababeb0dd</AD_ViewComponent_ID>
        <ColumnName>BX_DATEV_BU</ColumnName>
        <ColumnSQL>CASE  WHEN (evp.Value LIKE '4%' OR evb.Value LIKE '4%') AND t.TaxIndicator = '940' AND p.ProductType = 'I' THEN    '190'  WHEN (evp.Value LIKE '4%' OR evb.Value LIKE '4%' OR evp.Value LIKE '2303%' OR evb.Value LIKE '2303%') THEN    t.TaxIndicator  WHEN (evp.Value LIKE '3800%' OR evb.Value LIKE '3800%' OR evp.Value LIKE '3801%' OR evb.Value LIKE '3801%') AND evir.Value = 'G' THEN    '9'  WHEN (evp.Value LIKE '3800%' OR evb.Value LIKE '3800%' OR evp.Value LIKE '3801%' OR evb.Value LIKE '3801%') AND evir.Value = 'EU' THEN    '94'  ELSE    NULL END</ColumnSQL>
        <Help>940 is for Services
190 is for Items

Accounts 3800 and 3801 (Freight costs):
For invoices with those accounts we need:
Germany invoice 19% - BU Schlüssel 9
Intra-EU invoice 0% - BU Schlüssel 94
Extra-EU invoice 0% - no BU Schlüssel
=============
CASE
  WHEN (evp.Value LIKE '4%' OR evb.Value LIKE '4%') AND t.TaxIndicator = '940' AND p.ProductType = 'I' THEN
    '190'
  WHEN (evp.Value LIKE '4%' OR evb.Value LIKE '4%' OR evp.Value LIKE '2303%' OR evb.Value LIKE '2303%') THEN
    t.TaxIndicator
  WHEN (evp.Value LIKE '3800%' OR evb.Value LIKE '3800%' OR evp.Value LIKE '3801%' OR evb.Value LIKE '3801%') AND evir.Value = 'G' THEN
    '9'
  WHEN (evp.Value LIKE '3800%' OR evb.Value LIKE '3800%' OR evp.Value LIKE '3801%' OR evb.Value LIKE '3801%') AND evir.Value = 'EU' THEN
    '94'
  ELSE
    NULL
 END</Help>
        <DBDataType/>
        <SeqNo>40</SeqNo>
    </AD_ViewColumn>
</idempiere>
