<?xml version="1.0" encoding="UTF-8"?><idempiere Name="AD_ViewColumn" Version="1.0.0" idempiereVersion="10.0.0.202303311501" DataBaseVersion="2022-12-24" Description="" Author="SuperUser" AuthorEmail="superuser @ idempiere.com" CreatedDate="Tue Apr 04 19:48:18 CEST 2023" UpdatedDate="Tue Apr 04 19:48:18 CEST 2023" PackOutVersion="100" UpdateDictionary="false" Client="0-SYSTEM-System" AD_Client_UU="11237b53-9592-4af1-b3c5-afd216514b5d">
    <AD_ViewColumn type="table">
        <AD_Client_ID>0</AD_Client_ID>
        <AD_Org_ID>0</AD_Org_ID>
        <AD_Org_ID reference="id">0</AD_Org_ID>
        <AD_ViewColumn_UU>620448aa-0f1e-4d86-95fd-88b66d937b26</AD_ViewColumn_UU>
        <Description/>
        <EntityType>BAY</EntityType>
        <IsActive>Y</IsActive>
        <AD_ViewComponent_ID reference="uuid" reference-key="AD_ViewComponent">133d4192-0f90-48eb-b11f-bc4ababeb0dd</AD_ViewComponent_ID>
        <ColumnName>bx_datev_sh</ColumnName>
        <ColumnSQL>'H'</ColumnSQL>
        <Help/>
        <DBDataType/>
        <SeqNo>30</SeqNo>
    </AD_ViewColumn>
</idempiere>
