<?xml version="1.0" encoding="UTF-8"?><idempiere Name="2Pack_1.0.2" Version="1.0.2" idempiereVersion="" DataBaseVersion="" Description="" Author="" AuthorEmail="" CreatedDate="2023-01-10 16:38:05.643" UpdatedDate="2023-01-10 16:38:05.643" PackOutVersion="100" UpdateDictionary="false" Client="0-SYSTEM-System" AD_Client_UU="11237b53-9592-4af1-b3c5-afd216514b5d">
    <AD_ViewColumn type="table">
        <AD_Client_ID>0</AD_Client_ID>
        <AD_Org_ID>0</AD_Org_ID>
        <AD_Org_ID reference="id">0</AD_Org_ID>
        <AD_ViewColumn_UU>e81a4ab9-499b-4172-b878-8daed8c27473</AD_ViewColumn_UU>
        <Description/>
        <EntityType>BAY</EntityType>
        <IsActive>Y</IsActive>
        <AD_ViewComponent_ID reference="uuid" reference-key="AD_ViewComponent">43a48267-5e72-4a7d-9303-416200e175f9</AD_ViewComponent_ID>
        <ColumnName>bx_datev_sh</ColumnName>
        <ColumnSQL>CASE WHEN i.issotrx='Y' THEN NULL ELSE 'H' END</ColumnSQL>
        <Help/>
        <DBDataType/>
        <SeqNo>30</SeqNo>
    </AD_ViewColumn>
    <AD_ViewColumn type="table">
        <AD_Client_ID>0</AD_Client_ID>
        <AD_Org_ID>0</AD_Org_ID>
        <AD_Org_ID reference="id">0</AD_Org_ID>
        <AD_ViewColumn_UU>5c3e492d-d38e-400d-af98-669f1413c81a</AD_ViewColumn_UU>
        <Description/>
        <EntityType>BAY</EntityType>
        <IsActive>Y</IsActive>
        <AD_ViewComponent_ID reference="uuid" reference-key="AD_ViewComponent">43a48267-5e72-4a7d-9303-416200e175f9</AD_ViewComponent_ID>
        <ColumnName>bx_datev_bu</ColumnName>
        <ColumnSQL>CASE WHEN bp.TaxId NOT LIKE 'DE%' AND i.issotrx='Y' AND fd.AmtAcctCr != 0 THEN t.TaxIndicator ELSE NULL END</ColumnSQL>
        <Help/>
        <DBDataType/>
        <SeqNo>40</SeqNo>
    </AD_ViewColumn>
</idempiere>
