<?xml version="1.0" encoding="UTF-8"?><idempiere Name="AD_ViewColumn" Version="1.0.0" idempiereVersion="10.0.0.qualifier" DataBaseVersion="2022-12-24" Description="" Author="SuperUser" AuthorEmail="superuser @ idempiere.com" CreatedDate="Wed Apr 26 01:27:16 CEST 2023" UpdatedDate="Wed Apr 26 01:27:16 CEST 2023" PackOutVersion="100" UpdateDictionary="false" Client="0-SYSTEM-System" AD_Client_UU="11237b53-9592-4af1-b3c5-afd216514b5d">
    <AD_ViewColumn type="table">
        <AD_Client_ID>0</AD_Client_ID>
        <AD_Org_ID>0</AD_Org_ID>
        <AD_Org_ID reference="id">0</AD_Org_ID>
        <AD_ViewColumn_UU>1d7ddada-9e0d-4d75-a991-9655ef6c19e9</AD_ViewColumn_UU>
        <Description/>
        <EntityType>BAY</EntityType>
        <IsActive>Y</IsActive>
        <AD_ViewComponent_ID reference="uuid" reference-key="AD_ViewComponent">43a48267-5e72-4a7d-9303-416200e175f9</AD_ViewComponent_ID>
        <ColumnName>BX_DATEV_Skonto</ColumnName>
        <ColumnSQL>(COALESCE(fad.AmtAcctCR,0)-COALESCE(fad.AmtAcctDR,0)) * CASE WHEN i.IsSOTrx='Y' THEN -1 ELSE 1 END</ColumnSQL>
        <Help/>
        <DBDataType/>
        <SeqNo>90</SeqNo>
    </AD_ViewColumn>
    <AD_ViewColumn type="table">
        <AD_Client_ID>0</AD_Client_ID>
        <AD_Org_ID>0</AD_Org_ID>
        <AD_Org_ID reference="id">0</AD_Org_ID>
        <AD_ViewColumn_UU>f64ef6f8-de96-45cf-aed2-ec63086a665b</AD_ViewColumn_UU>
        <Description/>
        <EntityType>BAY</EntityType>
        <IsActive>Y</IsActive>
        <AD_ViewComponent_ID reference="uuid" reference-key="AD_ViewComponent">43a48267-5e72-4a7d-9303-416200e175f9</AD_ViewComponent_ID>
        <ColumnName>BX_DATEV_Umsatz</ColumnName>
        <ColumnSQL>((fab.AmtAcctDR-fab.AmtAcctCR) - (COALESCE(fad.AmtAcctCR,0)-COALESCE(fad.AmtAcctDR,0))) * CASE WHEN i.IsSOTrx='Y' THEN -1 ELSE 1 END</ColumnSQL>
        <Help/>
        <DBDataType/>
        <SeqNo>20</SeqNo>
    </AD_ViewColumn>
</idempiere>
