<?xml version="1.0" encoding="UTF-8"?><idempiere Name="2Pack_1.0.4" Version="1.0.3" idempiereVersion="" DataBaseVersion="" Description="" Author="" AuthorEmail="info@bx-service.com" CreatedDate="2023-01-30 19:13:41.549" UpdatedDate="2023-02-14 00:05:54.631" PackOutVersion="100" UpdateDictionary="false" Client="0-SYSTEM-System" AD_Client_UU="11237b53-9592-4af1-b3c5-afd216514b5d">
    <AD_ViewComponent type="table">
        <AD_Client_ID>0</AD_Client_ID>
        <AD_Org_ID>0</AD_Org_ID>
        <AD_Org_ID reference="id">0</AD_Org_ID>
        <AD_ViewComponent_UU>133d4192-0f90-48eb-b11f-bc4ababeb0dd</AD_ViewComponent_UU>
        <Description/>
        <EntityType>BAY</EntityType>
        <IsActive>Y</IsActive>
        <Name>datev_invoice</Name>
        <AD_Table_ID reference="uuid" reference-key="AD_Table">c109b038-44c3-4588-8237-f262ae01e2d9</AD_Table_ID>
        <Help/>
        <OtherClause/>
        <Referenced_Table_ID reference="id"/>
        <SeqNo>10</SeqNo>
        <WhereClause>WHERE fd.AD_Table_ID=318 /*C_Invoice*/
AND fd.AmtAcctDr&gt;0
AND fc.AmtAcctCr&gt;0
AND s.GAAP='XD'</WhereClause>
        <FromClause>FROM Fact_Acct fd
JOIN Fact_Acct fc ON (fc.AD_Client_ID=fd.AD_Client_ID AND fc.AD_Table_ID=fd.AD_Table_ID AND fc.Record_ID=fd.Record_ID AND fc.Line_ID=fd.Line_ID AND fc.C_AcctSchema_ID=fd.C_AcctSchema_ID)
JOIN C_Tax t ON (fd.C_Tax_ID=t.C_Tax_ID)
JOIN C_ElementValue ed ON (fd.Account_ID=ed.C_ElementValue_ID)
JOIN C_ElementValue ec ON (fc.Account_ID=ec.C_ElementValue_ID)
JOIN C_Invoice i ON (fd.Record_ID=i.C_Invoice_ID)
JOIN C_DocType dt ON (i.C_DocType_ID=dt.C_DocType_ID)
JOIN C_BPartner bp ON (fd.C_BPartner_ID=bp.C_BPartner_ID)
JOIN C_Currency c ON (fc.C_Currency_ID=c.C_Currency_ID)
JOIN C_AcctSchema s ON (fd.C_AcctSchema_ID=s.C_AcctSchema_ID)
JOIN C_InvoiceLine il ON (fd.Line_ID=il.C_InvoiceLine_ID)
LEFT JOIN M_Product p ON (il.M_Product_ID=p.M_Product_ID)</FromClause>
        <IsUnionAll>N</IsUnionAll>
        <IsDistinct>N</IsDistinct>
        <AD_ViewColumn type="table">
            <AD_Client_ID>0</AD_Client_ID>
            <AD_Org_ID>0</AD_Org_ID>
            <AD_Org_ID reference="id">0</AD_Org_ID>
            <AD_ViewColumn_UU>620448aa-0f1e-4d86-95fd-88b66d937b26</AD_ViewColumn_UU>
            <Description/>
            <EntityType>BAY</EntityType>
            <IsActive>Y</IsActive>
            <AD_ViewComponent_ID reference="uuid" reference-key="AD_ViewComponent">133d4192-0f90-48eb-b11f-bc4ababeb0dd</AD_ViewComponent_ID>
            <ColumnName>bx_datev_sh</ColumnName>
            <ColumnSQL>CASE WHEN dt.DocBaseType LIKE '__C' THEN NULL ELSE 'H' END</ColumnSQL>
            <Help/>
            <DBDataType/>
            <SeqNo>30</SeqNo>
        </AD_ViewColumn>
        <AD_ViewColumn type="table">
            <AD_Client_ID>0</AD_Client_ID>
            <AD_Org_ID>0</AD_Org_ID>
            <AD_Org_ID reference="id">0</AD_Org_ID>
            <AD_ViewColumn_UU>727a38d8-6a21-4efe-b3bd-88c670945c8a</AD_ViewColumn_UU>
            <Description/>
            <EntityType>BAY</EntityType>
            <IsActive>Y</IsActive>
            <AD_ViewComponent_ID reference="uuid" reference-key="AD_ViewComponent">133d4192-0f90-48eb-b11f-bc4ababeb0dd</AD_ViewComponent_ID>
            <ColumnName>bx_datev_bu</ColumnName>
            <ColumnSQL>CASE WHEN ed.Value LIKE '4%' OR ec.Value LIKE '4%' THEN CASE WHEN t.TaxIndicator='940' AND p.ProductType='I' THEN '190' ELSE t.TaxIndicator END ELSE NULL END</ColumnSQL>
            <Help/>
            <DBDataType/>
            <SeqNo>40</SeqNo>
        </AD_ViewColumn>
    </AD_ViewComponent>
    <AD_ViewComponent type="table">
        <AD_Client_ID>0</AD_Client_ID>
        <AD_Org_ID>0</AD_Org_ID>
        <AD_Org_ID reference="id">0</AD_Org_ID>
        <AD_ViewComponent_UU>43a48267-5e72-4a7d-9303-416200e175f9</AD_ViewComponent_UU>
        <Description/>
        <EntityType>BAY</EntityType>
        <IsActive>Y</IsActive>
        <Name>datev_allocation</Name>
        <AD_Table_ID reference="uuid" reference-key="AD_Table">c109b038-44c3-4588-8237-f262ae01e2d9</AD_Table_ID>
        <Help/>
        <OtherClause/>
        <Referenced_Table_ID reference="id"/>
        <SeqNo>20</SeqNo>
        <WhereClause>WHERE fc.AD_Table_ID=735 /*C_AllocationHdr*/
AND fc.AmtAcctCr&gt;0
AND fc.AmtAcctDr=0
AND s.GAAP='XD'</WhereClause>
        <FromClause>FROM Fact_Acct fd
JOIN Fact_Acct fc ON (fc.AD_Client_ID=fd.AD_Client_ID AND fd.AD_Table_ID=fc.AD_Table_ID AND fd.Fact_Acct_ID&lt;fc.Fact_Acct_ID AND fc.Record_ID=fd.Record_ID AND fc.Line_ID=fd.Line_ID AND fc.C_AcctSchema_ID=fd.C_AcctSchema_ID)
JOIN C_Tax t ON (fd.C_Tax_ID=t.C_Tax_ID)
JOIN C_ElementValue ed ON (fd.Account_ID=ed.C_ElementValue_ID)
JOIN C_ElementValue ec ON (fc.Account_ID=ec.C_ElementValue_ID)
JOIN C_AllocationLine al ON (fd.Line_ID=al.C_AllocationLine_ID)
JOIN C_Invoice i ON (al.C_Invoice_ID=i.C_Invoice_ID)
JOIN C_BPartner bp ON (fd.C_BPartner_ID=bp.C_BPartner_ID)
JOIN C_Currency c ON (fc.C_Currency_ID=c.C_Currency_ID)
JOIN C_AcctSchema s ON (fd.C_AcctSchema_ID=s.C_AcctSchema_ID)</FromClause>
        <IsUnionAll>N</IsUnionAll>
        <IsDistinct>N</IsDistinct>
        <AD_ViewColumn type="table">
            <AD_Client_ID>0</AD_Client_ID>
            <AD_Org_ID>0</AD_Org_ID>
            <AD_Org_ID reference="id">0</AD_Org_ID>
            <AD_ViewColumn_UU>e81a4ab9-499b-4172-b878-8daed8c27473</AD_ViewColumn_UU>
            <Description/>
            <EntityType>BAY</EntityType>
            <IsActive>Y</IsActive>
            <AD_ViewComponent_ID reference="uuid" reference-key="AD_ViewComponent">43a48267-5e72-4a7d-9303-416200e175f9</AD_ViewComponent_ID>
            <ColumnName>bx_datev_sh</ColumnName>
            <ColumnSQL>CASE WHEN i.IsSOTrx='Y' THEN NULL ELSE 'H' END</ColumnSQL>
            <Help/>
            <DBDataType/>
            <SeqNo>30</SeqNo>
        </AD_ViewColumn>
    </AD_ViewComponent>
</idempiere>
