<?xml version="1.0" encoding="UTF-8"?><idempiere Name="2Pack_1.0.10" Version="1.0.10" idempiereVersion="" DataBaseVersion="" Description="" Author="" AuthorEmail="" CreatedDate="2023-12-19 16:16:22.385" UpdatedDate="2023-12-19 16:16:22.385" PackOutVersion="100" UpdateDictionary="false" Client="0-SYSTEM-System" AD_Client_UU="11237b53-9592-4af1-b3c5-afd216514b5d">
    <AD_ViewComponent type="table">
        <AD_Client_ID>0</AD_Client_ID>
        <AD_Org_ID>0</AD_Org_ID>
        <AD_Org_ID reference="id">0</AD_Org_ID>
        <AD_ViewComponent_UU>6a8b7188-ec26-483e-b6c8-477f693de149</AD_ViewComponent_UU>
        <Description/>
        <EntityType>BAY</EntityType>
        <IsActive>Y</IsActive>
        <Name>DATEV_Journal</Name>
        <AD_Table_ID reference="uuid" reference-key="AD_Table">c109b038-44c3-4588-8237-f262ae01e2d9</AD_Table_ID>
        <Help/>
        <OtherClause/>
        <Referenced_Table_ID reference="id"/>
        <SeqNo>30</SeqNo>
        <WhereClause>WHERE fib.amtacctdr &gt; 0 AND fib.ad_table_id = 224 /* GL_Journal */ AND s.gaap = 'XD'</WhereClause>
        <FromClause>FROM fact_acct fib
 LEFT JOIN c_tax t ON fib.c_tax_id = t.c_tax_id
 JOIN c_elementvalue evb ON fib.account_id = evb.c_elementvalue_id
 JOIN gl_journal j ON fib.record_id = j.gl_journal_id
 LEFT JOIN c_bpartner bp ON fib.c_bpartner_id = bp.c_bpartner_id
 JOIN c_currency c ON fib.c_currency_id = c.c_currency_id
 JOIN c_acctschema s ON fib.c_acctschema_id = s.c_acctschema_id
 JOIN gl_journalline jl ON fib.line_id = jl.gl_journalline_id
 LEFT JOIN m_product p ON jl.m_product_id = p.m_product_id
 JOIN fact_acct fip ON fib.ad_client_id = fip.ad_client_id AND fib.ad_table_id = fip.ad_table_id AND fib.record_id = fip.record_id AND fib.c_acctschema_id = fip.c_acctschema_id AND fip.amtacctdr = 0
 JOIN c_elementvalue evp ON fip.account_id = evp.c_elementvalue_id
</FromClause>
        <IsUnionAll>N</IsUnionAll>
        <IsDistinct>N</IsDistinct>
    </AD_ViewComponent>
</idempiere>
