<?xml version="1.0" encoding="UTF-8"?><idempiere Name="2Pack_1.0.8" Version="1.0.8" idempiereVersion="" DataBaseVersion="" Description="" Author="" AuthorEmail="" CreatedDate="2023-10-16 13:35:35.747" UpdatedDate="2023-10-16 13:45:36.055" PackOutVersion="100" UpdateDictionary="false" Client="0-SYSTEM-System" AD_Client_UU="11237b53-9592-4af1-b3c5-afd216514b5d">
    <AD_Column type="table">
        <IsSyncDatabase>Y</IsSyncDatabase>
        <AD_Table_ID reference="id">226</AD_Table_ID>
        <AD_Reference_Value_ID reference="id"/>
        <AD_Client_ID>0</AD_Client_ID>
        <AD_Org_ID>0</AD_Org_ID>
        <Version>0</Version>
        <Name>Tax</Name>
        <Description>Tax identifier</Description>
        <Help>The Tax indicates the type of tax used in document line.</Help>
        <AD_Val_Rule_ID reference="id"/>
        <ColumnName>C_Tax_ID</ColumnName>
        <DefaultValue/>
        <FieldLength>22</FieldLength>
        <IsKey>N</IsKey>
        <IsParent>N</IsParent>
        <IsMandatory>N</IsMandatory>
        <IsTranslated>N</IsTranslated>
        <IsIdentifier>N</IsIdentifier>
        <SeqNo>0</SeqNo>
        <IsEncrypted>N</IsEncrypted>
        <AD_Reference_ID reference="id">19</AD_Reference_ID>
        <AD_Org_ID reference="id">0</AD_Org_ID>
        <IsActive>Y</IsActive>
        <VFormat/>
        <Callout/>
        <AD_Element_ID reference="id">213</AD_Element_ID>
        <IsUpdateable>Y</IsUpdateable>
        <AD_Process_ID reference="id"/>
        <ValueMin/>
        <ValueMax/>
        <IsSelectionColumn>N</IsSelectionColumn>
        <ReadOnlyLogic/>
        <EntityType>ABR</EntityType>
        <IsAlwaysUpdateable>N</IsAlwaysUpdateable>
        <ColumnSQL/>
        <MandatoryLogic/>
        <IsAutocomplete>N</IsAutocomplete>
        <IsAllowLogging>Y</IsAllowLogging>
        <FormatPattern/>
        <AD_Chart_ID reference="id"/>
        <AD_Column_UU>afc44261-0b79-4950-a235-35f14985734a</AD_Column_UU>
        <IsAllowCopy>Y</IsAllowCopy>
        <SeqNoSelection>0</SeqNoSelection>
        <IsToolbarButton>N</IsToolbarButton>
        <IsSecure>N</IsSecure>
        <FKConstraintName>CTax_GLJournalLine</FKConstraintName>
        <FKConstraintType>N</FKConstraintType>
        <PA_DashboardContent_ID reference="id"/>
        <Placeholder/>
        <IsHtml>N</IsHtml>
        <AD_Val_Rule_Lookup_ID reference="id"/>
        <AlwaysUpdatableLogic/>
        <AD_InfoWindow_ID reference="id"/>
    </AD_Column>
    <AD_Field type="table">
        <AD_Client_ID>0</AD_Client_ID>
        <AD_Org_ID>0</AD_Org_ID>
        <Name>Tax</Name>
        <Description>Tax identifier</Description>
        <Help>The Tax indicates the type of tax used in document line.</Help>
        <AD_Tab_ID reference="id">200008</AD_Tab_ID>
        <AD_Column_ID reference="uuid" reference-key="AD_Column">afc44261-0b79-4950-a235-35f14985734a</AD_Column_ID>
        <IsDisplayed>Y</IsDisplayed>
        <DisplayLogic/>
        <DisplayLength>0</DisplayLength>
        <SeqNo>315</SeqNo>
        <SortNo>0</SortNo>
        <IsSameLine>N</IsSameLine>
        <IsHeading>N</IsHeading>
        <IsFieldOnly>N</IsFieldOnly>
        <IsEncrypted>N</IsEncrypted>
        <AD_Org_ID reference="id">0</AD_Org_ID>
        <IsActive>Y</IsActive>
        <IsReadOnly>N</IsReadOnly>
        <IsCentrallyMaintained>Y</IsCentrallyMaintained>
        <AD_FieldGroup_ID reference="id"/>
        <EntityType>ABR</EntityType>
        <ObscureType/>
        <AD_Reference_ID reference="id"/>
        <IsMandatory/>
        <DefaultValue>NULL</DefaultValue>
        <AD_Reference_Value_ID reference="id"/>
        <AD_Val_Rule_ID reference="id"/>
        <Included_Tab_ID reference="id"/>
        <AD_Field_UU>28fb822d-fa1e-4e9b-8597-3da8a78ac556</AD_Field_UU>
        <IsAllowCopy/>
        <IsDisplayedGrid>Y</IsDisplayedGrid>
        <SeqNoGrid>315</SeqNoGrid>
        <XPosition>1</XPosition>
        <ColumnSpan>2</ColumnSpan>
        <NumLines>1</NumLines>
        <IsQuickEntry>N</IsQuickEntry>
        <IsUpdateable/>
        <IsAlwaysUpdateable/>
        <MandatoryLogic/>
        <ReadOnlyLogic/>
        <IsToolbarButton/>
        <IsDefaultFocus>N</IsDefaultFocus>
        <IsAdvancedField>N</IsAdvancedField>
        <VFormat/>
        <AD_LabelStyle_ID reference="id"/>
        <AD_FieldStyle_ID reference="id"/>
        <IsQuickForm>N</IsQuickForm>
        <Placeholder/>
        <IsSelectionColumn/>
        <AD_Val_Rule_Lookup_ID reference="id"/>
        <ColumnSQL/>
        <AD_Chart_ID reference="id"/>
        <AlwaysUpdatableLogic/>
        <AD_Field_Trl type="translation">
            <Description>Tax identifier</Description>
            <Help>The Tax indicates the type of tax used in document line.</Help>
            <Name>Tax</Name>
            <Placeholder/>
            <AD_Language>de_DE</AD_Language>
            <IsActive>Y</IsActive>
            <IsTranslated>N</IsTranslated>
        </AD_Field_Trl>
        <AD_Field_Trl type="translation">
            <Description>Tax identifier</Description>
            <Help>The Tax indicates the type of tax used in document line.</Help>
            <Name>Tax</Name>
            <Placeholder/>
            <AD_Language>en_US</AD_Language>
            <IsActive>Y</IsActive>
            <IsTranslated>Y</IsTranslated>
        </AD_Field_Trl>
    </AD_Field>
    <AD_ViewComponent type="table">
        <AD_Client_ID>0</AD_Client_ID>
        <AD_Org_ID>0</AD_Org_ID>
        <AD_Org_ID reference="id">0</AD_Org_ID>
        <AD_ViewComponent_UU>6a8b7188-ec26-483e-b6c8-477f693de149</AD_ViewComponent_UU>
        <Description/>
        <EntityType>BAY</EntityType>
        <IsActive>Y</IsActive>
        <Name>DATEV_Journal</Name>
        <AD_Table_ID reference="uuid" reference-key="AD_Table">c109b038-44c3-4588-8237-f262ae01e2d9</AD_Table_ID>
        <Help/>
        <OtherClause/>
        <Referenced_Table_ID reference="id"/>
        <SeqNo>30</SeqNo>
        <WhereClause>WHERE fib.amtacctdr &gt; 0 AND fib.ad_table_id = 224 /* GL_Journal */ AND s.gaap = 'XD'</WhereClause>
        <FromClause>FROM fact_acct fib
 LEFT JOIN c_tax t ON fib.c_tax_id = t.c_tax_id
 JOIN c_elementvalue evb ON fib.account_id = evb.c_elementvalue_id
 JOIN gl_journal j ON fib.record_id = j.gl_journal_id
 JOIN c_bpartner bp ON fib.c_bpartner_id = bp.c_bpartner_id
 JOIN c_currency c ON fib.c_currency_id = c.c_currency_id
 JOIN c_acctschema s ON fib.c_acctschema_id = s.c_acctschema_id
 JOIN gl_journalline jl ON fib.line_id = jl.gl_journalline_id
 LEFT JOIN m_product p ON jl.m_product_id = p.m_product_id
 JOIN fact_acct fip ON fib.ad_client_id = fip.ad_client_id AND fib.ad_table_id = fip.ad_table_id AND fib.record_id = fip.record_id AND fib.c_acctschema_id = fip.c_acctschema_id AND fip.amtacctdr = 0
 JOIN c_elementvalue evp ON fip.account_id = evp.c_elementvalue_id
</FromClause>
        <IsUnionAll>N</IsUnionAll>
        <IsDistinct>N</IsDistinct>
        <AD_ViewColumn type="table">
            <AD_Client_ID>0</AD_Client_ID>
            <AD_Org_ID>0</AD_Org_ID>
            <AD_Org_ID reference="id">0</AD_Org_ID>
            <AD_ViewColumn_UU>e9ff759a-1f60-4d93-83a1-7556fb740b63</AD_ViewColumn_UU>
            <Description/>
            <EntityType>BAY</EntityType>
            <IsActive>Y</IsActive>
            <AD_ViewComponent_ID reference="uuid" reference-key="AD_ViewComponent">6a8b7188-ec26-483e-b6c8-477f693de149</AD_ViewComponent_ID>
            <ColumnName>Fact_Acct_ID</ColumnName>
            <ColumnSQL>fib.Fact_Acct_ID</ColumnSQL>
            <Help/>
            <DBDataType/>
            <SeqNo>10</SeqNo>
        </AD_ViewColumn>
        <AD_ViewColumn type="table">
            <AD_Client_ID>0</AD_Client_ID>
            <AD_Org_ID>0</AD_Org_ID>
            <AD_Org_ID reference="id">0</AD_Org_ID>
            <AD_ViewColumn_UU>bdcb89ba-d388-4926-bc2a-bc110e567794</AD_ViewColumn_UU>
            <Description/>
            <EntityType>BAY</EntityType>
            <IsActive>Y</IsActive>
            <AD_ViewComponent_ID reference="uuid" reference-key="AD_ViewComponent">6a8b7188-ec26-483e-b6c8-477f693de149</AD_ViewComponent_ID>
            <ColumnName>BX_DATEV_Umsatz</ColumnName>
            <ColumnSQL>(fib.AmtAcctDr - fib.AmtAcctCr)</ColumnSQL>
            <Help/>
            <DBDataType/>
            <SeqNo>20</SeqNo>
        </AD_ViewColumn>
        <AD_ViewColumn type="table">
            <AD_Client_ID>0</AD_Client_ID>
            <AD_Org_ID>0</AD_Org_ID>
            <AD_Org_ID reference="id">0</AD_Org_ID>
            <AD_ViewColumn_UU>2e160aac-d66e-4732-aa30-7ec57d760197</AD_ViewColumn_UU>
            <Description>H (Haben)</Description>
            <EntityType>BAY</EntityType>
            <IsActive>Y</IsActive>
            <AD_ViewComponent_ID reference="uuid" reference-key="AD_ViewComponent">6a8b7188-ec26-483e-b6c8-477f693de149</AD_ViewComponent_ID>
            <ColumnName>BX_DATEV_SH</ColumnName>
            <ColumnSQL>'H'</ColumnSQL>
            <Help/>
            <DBDataType/>
            <SeqNo>30</SeqNo>
        </AD_ViewColumn>
        <AD_ViewColumn type="table">
            <AD_Client_ID>0</AD_Client_ID>
            <AD_Org_ID>0</AD_Org_ID>
            <AD_Org_ID reference="id">0</AD_Org_ID>
            <AD_ViewColumn_UU>b746f098-5803-497e-a347-b776279a7dd2</AD_ViewColumn_UU>
            <Description>Show Tax Indicator for Cost Accounts (4%) - Convert BU from 940 to 190 when is selling an Item</Description>
            <EntityType>BAY</EntityType>
            <IsActive>Y</IsActive>
            <AD_ViewComponent_ID reference="uuid" reference-key="AD_ViewComponent">6a8b7188-ec26-483e-b6c8-477f693de149</AD_ViewComponent_ID>
            <ColumnName>BX_DATEV_BU</ColumnName>
            <ColumnSQL>CASE WHEN evp.Value LIKE '4%' OR evb.Value LIKE '4%' THEN CASE WHEN t.TaxIndicator = '940' AND p.ProductType = 'I' THEN '190' ELSE t.TaxIndicator END ELSE NULL END</ColumnSQL>
            <Help>940 is for Services
190 is for Items</Help>
            <DBDataType/>
            <SeqNo>40</SeqNo>
        </AD_ViewColumn>
        <AD_ViewColumn type="table">
            <AD_Client_ID>0</AD_Client_ID>
            <AD_Org_ID>0</AD_Org_ID>
            <AD_Org_ID reference="id">0</AD_Org_ID>
            <AD_ViewColumn_UU>9a979613-359e-45b7-82f8-152f8951e70a</AD_ViewColumn_UU>
            <Description/>
            <EntityType>BAY</EntityType>
            <IsActive>Y</IsActive>
            <AD_ViewComponent_ID reference="uuid" reference-key="AD_ViewComponent">6a8b7188-ec26-483e-b6c8-477f693de149</AD_ViewComponent_ID>
            <ColumnName>BX_DATEV_Gegenkonto</ColumnName>
            <ColumnSQL>evp.Value</ColumnSQL>
            <Help/>
            <DBDataType/>
            <SeqNo>50</SeqNo>
        </AD_ViewColumn>
        <AD_ViewColumn type="table">
            <AD_Client_ID>0</AD_Client_ID>
            <AD_Org_ID>0</AD_Org_ID>
            <AD_Org_ID reference="id">0</AD_Org_ID>
            <AD_ViewColumn_UU>34ae47aa-a70b-4aa2-8f40-80e5e73ec9ca</AD_ViewColumn_UU>
            <Description/>
            <EntityType>BAY</EntityType>
            <IsActive>Y</IsActive>
            <AD_ViewComponent_ID reference="uuid" reference-key="AD_ViewComponent">6a8b7188-ec26-483e-b6c8-477f693de149</AD_ViewComponent_ID>
            <ColumnName>BX_DATEV_Belegfeld_1</ColumnName>
            <ColumnSQL>j.DocumentNo</ColumnSQL>
            <Help/>
            <DBDataType/>
            <SeqNo>60</SeqNo>
        </AD_ViewColumn>
        <AD_ViewColumn type="table">
            <AD_Client_ID>0</AD_Client_ID>
            <AD_Org_ID>0</AD_Org_ID>
            <AD_Org_ID reference="id">0</AD_Org_ID>
            <AD_ViewColumn_UU>9d5aabc6-6240-4295-abd8-7c4341f1b285</AD_ViewColumn_UU>
            <Description/>
            <EntityType>BAY</EntityType>
            <IsActive>Y</IsActive>
            <AD_ViewComponent_ID reference="uuid" reference-key="AD_ViewComponent">6a8b7188-ec26-483e-b6c8-477f693de149</AD_ViewComponent_ID>
            <ColumnName>BX_DATEV_Datum</ColumnName>
            <ColumnSQL>fib.DateAcct</ColumnSQL>
            <Help/>
            <DBDataType/>
            <SeqNo>70</SeqNo>
        </AD_ViewColumn>
        <AD_ViewColumn type="table">
            <AD_Client_ID>0</AD_Client_ID>
            <AD_Org_ID>0</AD_Org_ID>
            <AD_Org_ID reference="id">0</AD_Org_ID>
            <AD_ViewColumn_UU>b6fd25ba-11eb-40c0-9ecb-f3ae0d085249</AD_ViewColumn_UU>
            <Description/>
            <EntityType>BAY</EntityType>
            <IsActive>Y</IsActive>
            <AD_ViewComponent_ID reference="uuid" reference-key="AD_ViewComponent">6a8b7188-ec26-483e-b6c8-477f693de149</AD_ViewComponent_ID>
            <ColumnName>BX_DATEV_Konto</ColumnName>
            <ColumnSQL>evb.Value</ColumnSQL>
            <Help/>
            <DBDataType/>
            <SeqNo>80</SeqNo>
        </AD_ViewColumn>
        <AD_ViewColumn type="table">
            <AD_Client_ID>0</AD_Client_ID>
            <AD_Org_ID>0</AD_Org_ID>
            <AD_Org_ID reference="id">0</AD_Org_ID>
            <AD_ViewColumn_UU>06c7948c-fbad-4168-b12e-dd8f3b223dee</AD_ViewColumn_UU>
            <Description/>
            <EntityType>BAY</EntityType>
            <IsActive>Y</IsActive>
            <AD_ViewComponent_ID reference="uuid" reference-key="AD_ViewComponent">6a8b7188-ec26-483e-b6c8-477f693de149</AD_ViewComponent_ID>
            <ColumnName>BX_DATEV_Skonto</ColumnName>
            <ColumnSQL>CAST (NULL AS NUMERIC)</ColumnSQL>
            <Help/>
            <DBDataType/>
            <SeqNo>90</SeqNo>
        </AD_ViewColumn>
        <AD_ViewColumn type="table">
            <AD_Client_ID>0</AD_Client_ID>
            <AD_Org_ID>0</AD_Org_ID>
            <AD_Org_ID reference="id">0</AD_Org_ID>
            <AD_ViewColumn_UU>a7d49d66-c4e4-4e81-b972-7fca07e1c725</AD_ViewColumn_UU>
            <Description/>
            <EntityType>BAY</EntityType>
            <IsActive>Y</IsActive>
            <AD_ViewComponent_ID reference="uuid" reference-key="AD_ViewComponent">6a8b7188-ec26-483e-b6c8-477f693de149</AD_ViewComponent_ID>
            <ColumnName>BX_DATEV_Buchungstext</ColumnName>
            <ColumnSQL>LEFT(j.Description, 30)</ColumnSQL>
            <Help/>
            <DBDataType/>
            <SeqNo>100</SeqNo>
        </AD_ViewColumn>
        <AD_ViewColumn type="table">
            <AD_Client_ID>0</AD_Client_ID>
            <AD_Org_ID>0</AD_Org_ID>
            <AD_Org_ID reference="id">0</AD_Org_ID>
            <AD_ViewColumn_UU>3f5a4990-c001-4c0f-b4f3-afc7ca383fab</AD_ViewColumn_UU>
            <Description/>
            <EntityType>BAY</EntityType>
            <IsActive>Y</IsActive>
            <AD_ViewComponent_ID reference="uuid" reference-key="AD_ViewComponent">6a8b7188-ec26-483e-b6c8-477f693de149</AD_ViewComponent_ID>
            <ColumnName>BX_DATEV_EU_Informationen</ColumnName>
            <ColumnSQL>bp.TaxId</ColumnSQL>
            <Help/>
            <DBDataType/>
            <SeqNo>110</SeqNo>
        </AD_ViewColumn>
        <AD_ViewColumn type="table">
            <AD_Client_ID>0</AD_Client_ID>
            <AD_Org_ID>0</AD_Org_ID>
            <AD_Org_ID reference="id">0</AD_Org_ID>
            <AD_ViewColumn_UU>2c8d7906-e7cd-4dd3-bb37-7ba41db71a79</AD_ViewColumn_UU>
            <Description/>
            <EntityType>BAY</EntityType>
            <IsActive>Y</IsActive>
            <AD_ViewComponent_ID reference="uuid" reference-key="AD_ViewComponent">6a8b7188-ec26-483e-b6c8-477f693de149</AD_ViewComponent_ID>
            <ColumnName>BX_DATEV_Waehrung</ColumnName>
            <ColumnSQL>CASE WHEN c.C_Currency_ID = 102 THEN NULL ELSE c.ISO_Code END</ColumnSQL>
            <Help/>
            <DBDataType/>
            <SeqNo>120</SeqNo>
        </AD_ViewColumn>
        <AD_ViewColumn type="table">
            <AD_Client_ID>0</AD_Client_ID>
            <AD_Org_ID>0</AD_Org_ID>
            <AD_Org_ID reference="id">0</AD_Org_ID>
            <AD_ViewColumn_UU>f5919666-b1f3-4d77-bdbe-8fdbf991a4d7</AD_ViewColumn_UU>
            <Description/>
            <EntityType>BAY</EntityType>
            <IsActive>Y</IsActive>
            <AD_ViewComponent_ID reference="uuid" reference-key="AD_ViewComponent">6a8b7188-ec26-483e-b6c8-477f693de149</AD_ViewComponent_ID>
            <ColumnName>BX_DATEV_Kurs</ColumnName>
            <ColumnSQL>CASE WHEN c.C_Currency_ID = 102 THEN NULL ELSE (fib.AmtSourceDr - fib.AmtSourceCr) / (fib.AmtAcctDr - fib.AmtAcctCr) END</ColumnSQL>
            <Help/>
            <DBDataType/>
            <SeqNo>130</SeqNo>
        </AD_ViewColumn>
        <AD_ViewColumn type="table">
            <AD_Client_ID>0</AD_Client_ID>
            <AD_Org_ID>0</AD_Org_ID>
            <AD_Org_ID reference="id">0</AD_Org_ID>
            <AD_ViewColumn_UU>52cd4864-e610-4f25-98eb-5dcc6b9af962</AD_ViewColumn_UU>
            <Description/>
            <EntityType>BAY</EntityType>
            <IsActive>Y</IsActive>
            <AD_ViewComponent_ID reference="uuid" reference-key="AD_ViewComponent">6a8b7188-ec26-483e-b6c8-477f693de149</AD_ViewComponent_ID>
            <ColumnName>BX_DATEV_Kundennummer</ColumnName>
            <ColumnSQL>bp.Value</ColumnSQL>
            <Help/>
            <DBDataType/>
            <SeqNo>140</SeqNo>
        </AD_ViewColumn>
        <AD_ViewColumn type="table">
            <AD_Client_ID>0</AD_Client_ID>
            <AD_Org_ID>0</AD_Org_ID>
            <AD_Org_ID reference="id">0</AD_Org_ID>
            <AD_ViewColumn_UU>54db2115-9f3d-49b0-9e21-19fa8d83371c</AD_ViewColumn_UU>
            <Description>GL_JournalLine</Description>
            <EntityType>BAY</EntityType>
            <IsActive>Y</IsActive>
            <AD_ViewComponent_ID reference="uuid" reference-key="AD_ViewComponent">6a8b7188-ec26-483e-b6c8-477f693de149</AD_ViewComponent_ID>
            <ColumnName>AD_Table_ID</ColumnName>
            <ColumnSQL>226</ColumnSQL>
            <Help/>
            <DBDataType/>
            <SeqNo>150</SeqNo>
        </AD_ViewColumn>
        <AD_ViewColumn type="table">
            <AD_Client_ID>0</AD_Client_ID>
            <AD_Org_ID>0</AD_Org_ID>
            <AD_Org_ID reference="id">0</AD_Org_ID>
            <AD_ViewColumn_UU>90d47232-784e-4d54-95cd-fe11d030ddd8</AD_ViewColumn_UU>
            <Description/>
            <EntityType>BAY</EntityType>
            <IsActive>Y</IsActive>
            <AD_ViewComponent_ID reference="uuid" reference-key="AD_ViewComponent">6a8b7188-ec26-483e-b6c8-477f693de149</AD_ViewComponent_ID>
            <ColumnName>IsSOTrx</ColumnName>
            <ColumnSQL>CAST ('N' AS CHAR(1))</ColumnSQL>
            <Help/>
            <DBDataType/>
            <SeqNo>160</SeqNo>
        </AD_ViewColumn>
        <AD_ViewColumn type="table">
            <AD_Client_ID>0</AD_Client_ID>
            <AD_Org_ID>0</AD_Org_ID>
            <AD_Org_ID reference="id">0</AD_Org_ID>
            <AD_ViewColumn_UU>54ec2257-f0c8-4e1a-84cc-e1e2d9420b3e</AD_ViewColumn_UU>
            <Description/>
            <EntityType>BAY</EntityType>
            <IsActive>Y</IsActive>
            <AD_ViewComponent_ID reference="uuid" reference-key="AD_ViewComponent">6a8b7188-ec26-483e-b6c8-477f693de149</AD_ViewComponent_ID>
            <ColumnName>RV_BX_DATEV_ID</ColumnName>
            <ColumnSQL>fib.Fact_Acct_ID</ColumnSQL>
            <Help/>
            <DBDataType/>
            <SeqNo>170</SeqNo>
        </AD_ViewColumn>
        <AD_ViewColumn type="table">
            <AD_Client_ID>0</AD_Client_ID>
            <AD_Org_ID>0</AD_Org_ID>
            <AD_Org_ID reference="id">0</AD_Org_ID>
            <AD_ViewColumn_UU>efe855c6-318f-4bab-aca4-c5586df4d507</AD_ViewColumn_UU>
            <Description/>
            <EntityType>BAY</EntityType>
            <IsActive>Y</IsActive>
            <AD_ViewComponent_ID reference="uuid" reference-key="AD_ViewComponent">6a8b7188-ec26-483e-b6c8-477f693de149</AD_ViewComponent_ID>
            <ColumnName>AD_Client_ID</ColumnName>
            <ColumnSQL>fib.AD_Client_ID</ColumnSQL>
            <Help/>
            <DBDataType/>
            <SeqNo>180</SeqNo>
        </AD_ViewColumn>
        <AD_ViewColumn type="table">
            <AD_Client_ID>0</AD_Client_ID>
            <AD_Org_ID>0</AD_Org_ID>
            <AD_Org_ID reference="id">0</AD_Org_ID>
            <AD_ViewColumn_UU>445590a3-c923-492f-9ba7-b805c356f7fa</AD_ViewColumn_UU>
            <Description/>
            <EntityType>BAY</EntityType>
            <IsActive>Y</IsActive>
            <AD_ViewComponent_ID reference="uuid" reference-key="AD_ViewComponent">6a8b7188-ec26-483e-b6c8-477f693de149</AD_ViewComponent_ID>
            <ColumnName>AD_Org_ID</ColumnName>
            <ColumnSQL>fib.AD_Org_ID</ColumnSQL>
            <Help/>
            <DBDataType/>
            <SeqNo>190</SeqNo>
        </AD_ViewColumn>
        <AD_ViewColumn type="table">
            <AD_Client_ID>0</AD_Client_ID>
            <AD_Org_ID>0</AD_Org_ID>
            <AD_Org_ID reference="id">0</AD_Org_ID>
            <AD_ViewColumn_UU>8af6f95d-a6ee-4b03-84b2-c301054209ad</AD_ViewColumn_UU>
            <Description/>
            <EntityType>BAY</EntityType>
            <IsActive>Y</IsActive>
            <AD_ViewComponent_ID reference="uuid" reference-key="AD_ViewComponent">6a8b7188-ec26-483e-b6c8-477f693de149</AD_ViewComponent_ID>
            <ColumnName>Created</ColumnName>
            <ColumnSQL>fib.Created</ColumnSQL>
            <Help/>
            <DBDataType/>
            <SeqNo>200</SeqNo>
        </AD_ViewColumn>
        <AD_ViewColumn type="table">
            <AD_Client_ID>0</AD_Client_ID>
            <AD_Org_ID>0</AD_Org_ID>
            <AD_Org_ID reference="id">0</AD_Org_ID>
            <AD_ViewColumn_UU>5bb84fe4-7c41-450e-8bbd-4fa4ec1fa393</AD_ViewColumn_UU>
            <Description/>
            <EntityType>BAY</EntityType>
            <IsActive>Y</IsActive>
            <AD_ViewComponent_ID reference="uuid" reference-key="AD_ViewComponent">6a8b7188-ec26-483e-b6c8-477f693de149</AD_ViewComponent_ID>
            <ColumnName>CreatedBy</ColumnName>
            <ColumnSQL>fib.CreatedBy</ColumnSQL>
            <Help/>
            <DBDataType/>
            <SeqNo>210</SeqNo>
        </AD_ViewColumn>
        <AD_ViewColumn type="table">
            <AD_Client_ID>0</AD_Client_ID>
            <AD_Org_ID>0</AD_Org_ID>
            <AD_Org_ID reference="id">0</AD_Org_ID>
            <AD_ViewColumn_UU>722a0dbb-2775-4722-91ce-c6474bc091e6</AD_ViewColumn_UU>
            <Description/>
            <EntityType>BAY</EntityType>
            <IsActive>Y</IsActive>
            <AD_ViewComponent_ID reference="uuid" reference-key="AD_ViewComponent">6a8b7188-ec26-483e-b6c8-477f693de149</AD_ViewComponent_ID>
            <ColumnName>Updated</ColumnName>
            <ColumnSQL>fib.Updated</ColumnSQL>
            <Help/>
            <DBDataType/>
            <SeqNo>220</SeqNo>
        </AD_ViewColumn>
        <AD_ViewColumn type="table">
            <AD_Client_ID>0</AD_Client_ID>
            <AD_Org_ID>0</AD_Org_ID>
            <AD_Org_ID reference="id">0</AD_Org_ID>
            <AD_ViewColumn_UU>e0ac958b-e3be-45a3-8ebb-1214fa1739b8</AD_ViewColumn_UU>
            <Description/>
            <EntityType>BAY</EntityType>
            <IsActive>Y</IsActive>
            <AD_ViewComponent_ID reference="uuid" reference-key="AD_ViewComponent">6a8b7188-ec26-483e-b6c8-477f693de149</AD_ViewComponent_ID>
            <ColumnName>UpdatedBy</ColumnName>
            <ColumnSQL>fib.UpdatedBy</ColumnSQL>
            <Help/>
            <DBDataType/>
            <SeqNo>230</SeqNo>
        </AD_ViewColumn>
        <AD_ViewColumn type="table">
            <AD_Client_ID>0</AD_Client_ID>
            <AD_Org_ID>0</AD_Org_ID>
            <AD_Org_ID reference="id">0</AD_Org_ID>
            <AD_ViewColumn_UU>de4e6a01-76c7-4804-a4b4-1c591af1083e</AD_ViewColumn_UU>
            <Description/>
            <EntityType>BAY</EntityType>
            <IsActive>Y</IsActive>
            <AD_ViewComponent_ID reference="uuid" reference-key="AD_ViewComponent">6a8b7188-ec26-483e-b6c8-477f693de149</AD_ViewComponent_ID>
            <ColumnName>IsActive</ColumnName>
            <ColumnSQL>fib.IsActive</ColumnSQL>
            <Help/>
            <DBDataType/>
            <SeqNo>240</SeqNo>
        </AD_ViewColumn>
        <AD_ViewColumn type="table">
            <AD_Client_ID>0</AD_Client_ID>
            <AD_Org_ID>0</AD_Org_ID>
            <AD_Org_ID reference="id">0</AD_Org_ID>
            <AD_ViewColumn_UU>8f2fcd54-fc0f-4815-af4c-e6043c763689</AD_ViewColumn_UU>
            <Description/>
            <EntityType>BAY</EntityType>
            <IsActive>Y</IsActive>
            <AD_ViewComponent_ID reference="uuid" reference-key="AD_ViewComponent">6a8b7188-ec26-483e-b6c8-477f693de149</AD_ViewComponent_ID>
            <ColumnName>RV_BX_DATEV_UU</ColumnName>
            <ColumnSQL>fib.Fact_Acct_UU</ColumnSQL>
            <Help/>
            <DBDataType/>
            <SeqNo>250</SeqNo>
        </AD_ViewColumn>
        <AD_ViewColumn type="table">
            <AD_Client_ID>0</AD_Client_ID>
            <AD_Org_ID>0</AD_Org_ID>
            <AD_Org_ID reference="id">0</AD_Org_ID>
            <AD_ViewColumn_UU>aa10a362-5dad-4295-9e06-193c50d8fb9c</AD_ViewColumn_UU>
            <Description/>
            <EntityType>BAY</EntityType>
            <IsActive>Y</IsActive>
            <AD_ViewComponent_ID reference="uuid" reference-key="AD_ViewComponent">6a8b7188-ec26-483e-b6c8-477f693de149</AD_ViewComponent_ID>
            <ColumnName>Record_ID</ColumnName>
            <ColumnSQL>fib.Line_ID</ColumnSQL>
            <Help/>
            <DBDataType/>
            <SeqNo>260</SeqNo>
        </AD_ViewColumn>
        <AD_ViewColumn type="table">
            <AD_Client_ID>0</AD_Client_ID>
            <AD_Org_ID>0</AD_Org_ID>
            <AD_Org_ID reference="id">0</AD_Org_ID>
            <AD_ViewColumn_UU>8829f821-46e6-41ee-baa4-51ddfaec8565</AD_ViewColumn_UU>
            <Description/>
            <EntityType>BAY</EntityType>
            <IsActive>Y</IsActive>
            <AD_ViewComponent_ID reference="uuid" reference-key="AD_ViewComponent">6a8b7188-ec26-483e-b6c8-477f693de149</AD_ViewComponent_ID>
            <ColumnName>C_AcctSchema_ID</ColumnName>
            <ColumnSQL>fib.C_AcctSchema_ID</ColumnSQL>
            <Help/>
            <DBDataType/>
            <SeqNo>270</SeqNo>
        </AD_ViewColumn>
        <AD_ViewColumn type="table">
            <AD_Client_ID>0</AD_Client_ID>
            <AD_Org_ID>0</AD_Org_ID>
            <AD_Org_ID reference="id">0</AD_Org_ID>
            <AD_ViewColumn_UU>10cb2aba-45d7-4aa0-8404-7ee87a492b6e</AD_ViewColumn_UU>
            <Description/>
            <EntityType>BAY</EntityType>
            <IsActive>Y</IsActive>
            <AD_ViewComponent_ID reference="uuid" reference-key="AD_ViewComponent">6a8b7188-ec26-483e-b6c8-477f693de149</AD_ViewComponent_ID>
            <ColumnName>C_Tax_ID</ColumnName>
            <ColumnSQL>fib.C_Tax_ID</ColumnSQL>
            <Help/>
            <DBDataType/>
            <SeqNo>280</SeqNo>
        </AD_ViewColumn>
        <AD_ViewColumn type="table">
            <AD_Client_ID>0</AD_Client_ID>
            <AD_Org_ID>0</AD_Org_ID>
            <AD_Org_ID reference="id">0</AD_Org_ID>
            <AD_ViewColumn_UU>e900eff2-18dc-4e17-892c-663f7e4ee108</AD_ViewColumn_UU>
            <Description/>
            <EntityType>BAY</EntityType>
            <IsActive>Y</IsActive>
            <AD_ViewComponent_ID reference="uuid" reference-key="AD_ViewComponent">6a8b7188-ec26-483e-b6c8-477f693de149</AD_ViewComponent_ID>
            <ColumnName>C_Currency_ID</ColumnName>
            <ColumnSQL>fib.C_Currency_ID</ColumnSQL>
            <Help/>
            <DBDataType/>
            <SeqNo>290</SeqNo>
        </AD_ViewColumn>
        <AD_ViewColumn type="table">
            <AD_Client_ID>0</AD_Client_ID>
            <AD_Org_ID>0</AD_Org_ID>
            <AD_Org_ID reference="id">0</AD_Org_ID>
            <AD_ViewColumn_UU>2c1b9117-296f-42db-9b49-436724ff7957</AD_ViewColumn_UU>
            <Description/>
            <EntityType>BAY</EntityType>
            <IsActive>Y</IsActive>
            <AD_ViewComponent_ID reference="uuid" reference-key="AD_ViewComponent">6a8b7188-ec26-483e-b6c8-477f693de149</AD_ViewComponent_ID>
            <ColumnName>C_BPartner_ID</ColumnName>
            <ColumnSQL>fib.C_BPartner_ID</ColumnSQL>
            <Help/>
            <DBDataType/>
            <SeqNo>300</SeqNo>
        </AD_ViewColumn>
        <AD_ViewColumn type="table">
            <AD_Client_ID>0</AD_Client_ID>
            <AD_Org_ID>0</AD_Org_ID>
            <AD_Org_ID reference="id">0</AD_Org_ID>
            <AD_ViewColumn_UU>642e0486-c77e-40a4-89ce-bc748d35cbe1</AD_ViewColumn_UU>
            <Description/>
            <EntityType>BAY</EntityType>
            <IsActive>Y</IsActive>
            <AD_ViewComponent_ID reference="uuid" reference-key="AD_ViewComponent">6a8b7188-ec26-483e-b6c8-477f693de149</AD_ViewComponent_ID>
            <ColumnName>DR_Account_ID</ColumnName>
            <ColumnSQL>fib.Account_ID</ColumnSQL>
            <Help/>
            <DBDataType/>
            <SeqNo>310</SeqNo>
        </AD_ViewColumn>
        <AD_ViewColumn type="table">
            <AD_Client_ID>0</AD_Client_ID>
            <AD_Org_ID>0</AD_Org_ID>
            <AD_Org_ID reference="id">0</AD_Org_ID>
            <AD_ViewColumn_UU>2b29bc74-9eb5-438e-862c-c0c331d9be65</AD_ViewColumn_UU>
            <Description/>
            <EntityType>BAY</EntityType>
            <IsActive>Y</IsActive>
            <AD_ViewComponent_ID reference="uuid" reference-key="AD_ViewComponent">6a8b7188-ec26-483e-b6c8-477f693de149</AD_ViewComponent_ID>
            <ColumnName>CR_Account_ID</ColumnName>
            <ColumnSQL>fip.Account_ID</ColumnSQL>
            <Help/>
            <DBDataType/>
            <SeqNo>320</SeqNo>
        </AD_ViewColumn>
    </AD_ViewComponent>
    <AD_Message type="table">
        <AD_Client_ID>0</AD_Client_ID>
        <AD_Org_ID>0</AD_Org_ID>
        <MsgType>I</MsgType>
        <MsgText>DATEV Journal must have just two lines, one debit and one credit</MsgText>
        <MsgTip/>
        <AD_Org_ID reference="id">0</AD_Org_ID>
        <IsActive>Y</IsActive>
        <Value>BXS_DATEV_JournalMustHave2Lines</Value>
        <EntityType>BAY</EntityType>
        <AD_Message_UU>642c3d54-dde4-4710-80d0-515ad6c7f65a</AD_Message_UU>
        <AD_Message_Trl type="translation">
            <MsgText>Das DATEV-Journal darf nur zwei Zeilen haben, eine Soll- und eine Habenzeile</MsgText>
            <MsgTip/>
            <AD_Language>de_DE</AD_Language>
            <IsActive>Y</IsActive>
            <IsTranslated>Y</IsTranslated>
        </AD_Message_Trl>
        <AD_Message_Trl type="translation">
            <MsgText>DATEV Journal must have just two lines, one debit and one credit</MsgText>
            <MsgTip/>
            <AD_Language>en_US</AD_Language>
            <IsActive>Y</IsActive>
            <IsTranslated>Y</IsTranslated>
        </AD_Message_Trl>
    </AD_Message>
    <AD_Message type="table">
        <AD_Client_ID>0</AD_Client_ID>
        <AD_Org_ID>0</AD_Org_ID>
        <MsgType>I</MsgType>
        <MsgText>Amount Debit must be equal to Credit in DATEV Journal</MsgText>
        <MsgTip/>
        <AD_Org_ID reference="id">0</AD_Org_ID>
        <IsActive>Y</IsActive>
        <Value>BXS_DATEV_JournalDebitAndCreditMustBeEqual</Value>
        <EntityType>BAY</EntityType>
        <AD_Message_UU>08a9a821-de25-4f80-9bce-35d424d12297</AD_Message_UU>
        <AD_Message_Trl type="translation">
            <MsgText>Der Soll-Betrag muss im DATEV-Journal mit dem Haben-Betrag übereinstimmen</MsgText>
            <MsgTip/>
            <AD_Language>de_DE</AD_Language>
            <IsActive>Y</IsActive>
            <IsTranslated>Y</IsTranslated>
        </AD_Message_Trl>
        <AD_Message_Trl type="translation">
            <MsgText>Amount Debit must be equal to Credit in DATEV Journal</MsgText>
            <MsgTip/>
            <AD_Language>en_US</AD_Language>
            <IsActive>Y</IsActive>
            <IsTranslated>Y</IsTranslated>
        </AD_Message_Trl>
    </AD_Message>
    <AD_Message type="table">
        <AD_Client_ID>0</AD_Client_ID>
        <AD_Org_ID>0</AD_Org_ID>
        <MsgType>I</MsgType>
        <MsgText>Account is mandatory in DATEV Journal</MsgText>
        <MsgTip/>
        <AD_Org_ID reference="id">0</AD_Org_ID>
        <IsActive>Y</IsActive>
        <Value>BXS_DATEV_JournalAccountMandatory</Value>
        <EntityType>BAY</EntityType>
        <AD_Message_UU>88a46688-932c-432f-962f-7b7ad04bbbb9</AD_Message_UU>
        <AD_Message_Trl type="translation">
            <MsgText>Im DATEV-Journal ist ein Konto zwingend erforderlich</MsgText>
            <MsgTip/>
            <AD_Language>de_DE</AD_Language>
            <IsActive>Y</IsActive>
            <IsTranslated>Y</IsTranslated>
        </AD_Message_Trl>
        <AD_Message_Trl type="translation">
            <MsgText>Account is mandatory in DATEV Journal</MsgText>
            <MsgTip/>
            <AD_Language>en_US</AD_Language>
            <IsActive>Y</IsActive>
            <IsTranslated>Y</IsTranslated>
        </AD_Message_Trl>
    </AD_Message>
    <AD_Message type="table">
        <AD_Client_ID>0</AD_Client_ID>
        <AD_Org_ID>0</AD_Org_ID>
        <MsgType>I</MsgType>
        <MsgText>All Reference fields must be equal in debit and credit lines</MsgText>
        <MsgTip/>
        <AD_Org_ID reference="id">0</AD_Org_ID>
        <IsActive>Y</IsActive>
        <Value>BXS_DATEV_JournalDimensionsMustBeEqual</Value>
        <EntityType>BAY</EntityType>
        <AD_Message_UU>8d3a28e3-bf9e-46bf-8a80-04730fa5b44a</AD_Message_UU>
        <AD_Message_Trl type="translation">
            <MsgText>Alle Referenzfelder müssen hinsichtlich der Soll- und Habenlinien gleich sein</MsgText>
            <MsgTip/>
            <AD_Language>de_DE</AD_Language>
            <IsActive>Y</IsActive>
            <IsTranslated>Y</IsTranslated>
        </AD_Message_Trl>
        <AD_Message_Trl type="translation">
            <MsgText>All Reference fields must be equal in debit and credit lines</MsgText>
            <MsgTip/>
            <AD_Language>en_US</AD_Language>
            <IsActive>Y</IsActive>
            <IsTranslated>Y</IsTranslated>
        </AD_Message_Trl>
    </AD_Message>
</idempiere>
