<?xml version="1.0" encoding="UTF-8"?><idempiere Name="2Pack_1.0.11" Version="1.0.11" idempiereVersion="" DataBaseVersion="" Description="" Author="" AuthorEmail="" CreatedDate="2024-03-11 20:34:14.048" UpdatedDate="2024-03-11 20:34:14.048" PackOutVersion="100" UpdateDictionary="false" Client="0-SYSTEM-System" AD_Client_UU="11237b53-9592-4af1-b3c5-afd216514b5d">
    <AD_Menu type="table">
        <SeqNo>20</SeqNo>
        <AD_Client_ID>0</AD_Client_ID>
        <AD_Org_ID>0</AD_Org_ID>
        <Name>DATEV Interface</Name>
        <Description/>
        <Action/>
        <AD_Window_ID reference="id"/>
        <AD_Workflow_ID reference="id"/>
        <AD_Task_ID reference="id"/>
        <AD_Org_ID reference="id">0</AD_Org_ID>
        <IsActive>Y</IsActive>
        <IsSummary>Y</IsSummary>
        <AD_Process_ID reference="id"/>
        <IsSOTrx>Y</IsSOTrx>
        <AD_Form_ID reference="id"/>
        <IsReadOnly>N</IsReadOnly>
        <EntityType>BAY</EntityType>
        <IsCentrallyMaintained>N</IsCentrallyMaintained>
        <AD_Menu_UU>802ff559-fe14-4a36-ba0e-cb33a3f1705b</AD_Menu_UU>
        <AD_InfoWindow_ID reference="id"/>
        <PredefinedContextVariables/>
        <AD_Menu_Trl type="translation">
            <Description/>
            <Name>DATEV Interface</Name>
            <AD_Language>de_DE</AD_Language>
            <IsActive>Y</IsActive>
            <IsTranslated>Y</IsTranslated>
        </AD_Menu_Trl>
        <AD_Menu_Trl type="translation">
            <Description/>
            <Name>DATEV Interface</Name>
            <AD_Language>en_US</AD_Language>
            <IsActive>Y</IsActive>
            <IsTranslated>Y</IsTranslated>
        </AD_Menu_Trl>
        <AD_Menu type="table">
            <Parent_ID reference="uuid" reference-key="AD_Menu">802ff559-fe14-4a36-ba0e-cb33a3f1705b</Parent_ID>
            <SeqNo>2</SeqNo>
            <AD_Client_ID>0</AD_Client_ID>
            <AD_Org_ID>0</AD_Org_ID>
            <Name>DATEV Data</Name>
            <Description/>
            <Action>W</Action>
            <AD_Window_ID reference="uuid" reference-key="AD_Window">21ce45a2-d301-4484-9bba-e3da2e2ff5b6</AD_Window_ID>
            <AD_Workflow_ID reference="id"/>
            <AD_Task_ID reference="id"/>
            <AD_Org_ID reference="id">0</AD_Org_ID>
            <IsActive>Y</IsActive>
            <IsSummary>N</IsSummary>
            <AD_Process_ID reference="id"/>
            <IsSOTrx>Y</IsSOTrx>
            <AD_Form_ID reference="id"/>
            <IsReadOnly>N</IsReadOnly>
            <EntityType>BAY</EntityType>
            <IsCentrallyMaintained>Y</IsCentrallyMaintained>
            <AD_Menu_UU>7de34cbe-6fa8-40fc-87bd-45e0a93eea0c</AD_Menu_UU>
            <AD_InfoWindow_ID reference="id"/>
            <PredefinedContextVariables/>
            <AD_Menu_Trl type="translation">
                <Description/>
                <Name>DATEV Data</Name>
                <AD_Language>en_US</AD_Language>
                <IsActive>Y</IsActive>
                <IsTranslated>Y</IsTranslated>
            </AD_Menu_Trl>
            <AD_Menu_Trl type="translation">
                <Description/>
                <Name>DATEV Data</Name>
                <AD_Language>de_DE</AD_Language>
                <IsActive>Y</IsActive>
                <IsTranslated>Y</IsTranslated>
            </AD_Menu_Trl>
            <AD_Window type="table">
                <AD_Client_ID>0</AD_Client_ID>
                <AD_Org_ID>0</AD_Org_ID>
                <Name>DATEV Data</Name>
                <Description/>
                <Help/>
                <AD_Org_ID reference="id">0</AD_Org_ID>
                <IsActive>Y</IsActive>
                <WindowType>Q</WindowType>
                <Processing>N</Processing>
                <AD_Color_ID reference="id"/>
                <AD_Image_ID reference="id"/>
                <EntityType>BAY</EntityType>
                <IsSOTrx>Y</IsSOTrx>
                <IsDefault>N</IsDefault>
                <WinHeight/>
                <WinWidth/>
                <IsBetaFunctionality>N</IsBetaFunctionality>
                <AD_Window_UU>21ce45a2-d301-4484-9bba-e3da2e2ff5b6</AD_Window_UU>
                <TitleLogic/>
                <PredefinedContextVariables/>
                <AD_Window_Trl type="translation">
                    <Description/>
                    <Help/>
                    <Name>DATEV Data</Name>
                    <AD_Language>de_DE</AD_Language>
                    <IsActive>Y</IsActive>
                    <IsTranslated>Y</IsTranslated>
                </AD_Window_Trl>
                <AD_Window_Trl type="translation">
                    <Description/>
                    <Help/>
                    <Name>DATEV Data</Name>
                    <AD_Language>en_US</AD_Language>
                    <IsActive>Y</IsActive>
                    <IsTranslated>Y</IsTranslated>
                </AD_Window_Trl>
                <AD_Tab type="table">
                    <AD_Client_ID>0</AD_Client_ID>
                    <AD_Org_ID>0</AD_Org_ID>
                    <Name>DATEV Verify</Name>
                    <Description/>
                    <Help/>
                    <AD_Window_ID reference="uuid" reference-key="AD_Window">21ce45a2-d301-4484-9bba-e3da2e2ff5b6</AD_Window_ID>
                    <SeqNo>10</SeqNo>
                    <IsSingleRow>Y</IsSingleRow>
                    <AD_Table_ID reference="uuid" reference-key="AD_Table">c109b038-44c3-4588-8237-f262ae01e2d9</AD_Table_ID>
                    <AD_Org_ID reference="id">0</AD_Org_ID>
                    <IsActive>Y</IsActive>
                    <HasTree>N</HasTree>
                    <IsInfoTab>N</IsInfoTab>
                    <IsTranslationTab>N</IsTranslationTab>
                    <IsReadOnly>N</IsReadOnly>
                    <AD_Column_ID reference="id"/>
                    <WhereClause/>
                    <OrderByClause>rv_bx_datev.Created DESC</OrderByClause>
                    <CommitWarning/>
                    <AD_Process_ID reference="id"/>
                    <Processing>N</Processing>
                    <AD_Image_ID reference="id"/>
                    <ImportFields/>
                    <TabLevel>0</TabLevel>
                    <IsSortTab>N</IsSortTab>
                    <AD_ColumnSortYesNo_ID reference="id"/>
                    <AD_ColumnSortOrder_ID reference="id"/>
                    <EntityType>BAY</EntityType>
                    <Included_Tab_ID reference="id"/>
                    <ReadOnlyLogic/>
                    <DisplayLogic/>
                    <IsInsertRecord>Y</IsInsertRecord>
                    <IsAdvancedTab>N</IsAdvancedTab>
                    <Parent_Column_ID reference="id"/>
                    <AD_Tab_UU>929afcaf-b581-4ad5-b937-3bda907fa188</AD_Tab_UU>
                    <AD_CtxHelp_ID reference="id"/>
                    <TreeDisplayedOn>B</TreeDisplayedOn>
                    <AD_TabType/>
                    <IsLookupOnlySelection>N</IsLookupOnlySelection>
                    <IsAllowAdvancedLookup>Y</IsAllowAdvancedLookup>
                    <MaxQueryRecords>0</MaxQueryRecords>
                    <IsHighVolume/>
                    <DeleteConfirmationLogic/>
                    <AD_Tab_Trl type="translation">
                        <CommitWarning/>
                        <Description/>
                        <Help/>
                        <Name>DATEV Data</Name>
                        <AD_Language>de_DE</AD_Language>
                        <IsActive>Y</IsActive>
                        <IsTranslated>Y</IsTranslated>
                    </AD_Tab_Trl>
                    <AD_Tab_Trl type="translation">
                        <CommitWarning/>
                        <Description/>
                        <Help/>
                        <Name>DATEV Data</Name>
                        <AD_Language>en_US</AD_Language>
                        <IsActive>Y</IsActive>
                        <IsTranslated>Y</IsTranslated>
                    </AD_Tab_Trl>
                </AD_Tab>
            </AD_Window>
        </AD_Menu>
        <AD_Menu type="table">
            <Parent_ID reference="uuid" reference-key="AD_Menu">802ff559-fe14-4a36-ba0e-cb33a3f1705b</Parent_ID>
            <SeqNo>0</SeqNo>
            <AD_Client_ID>0</AD_Client_ID>
            <AD_Org_ID>0</AD_Org_ID>
            <Name>DATEV Verify</Name>
            <Description/>
            <Action>I</Action>
            <AD_Window_ID reference="id"/>
            <AD_Workflow_ID reference="id"/>
            <AD_Task_ID reference="id"/>
            <AD_Org_ID reference="id">0</AD_Org_ID>
            <IsActive>Y</IsActive>
            <IsSummary>N</IsSummary>
            <AD_Process_ID reference="id"/>
            <IsSOTrx>Y</IsSOTrx>
            <AD_Form_ID reference="id"/>
            <IsReadOnly>N</IsReadOnly>
            <EntityType>BAY</EntityType>
            <IsCentrallyMaintained>Y</IsCentrallyMaintained>
            <AD_Menu_UU>93de556f-e85a-4e3b-b87e-ae627a33d2e3</AD_Menu_UU>
            <AD_InfoWindow_ID reference="uuid" reference-key="AD_InfoWindow">4e94676c-c0ea-477d-8363-f03fa65b8c16</AD_InfoWindow_ID>
            <PredefinedContextVariables/>
            <AD_Menu_Trl type="translation">
                <Description/>
                <Name>DATEV Verifizierung</Name>
                <AD_Language>de_DE</AD_Language>
                <IsActive>Y</IsActive>
                <IsTranslated>Y</IsTranslated>
            </AD_Menu_Trl>
            <AD_Menu_Trl type="translation">
                <Description/>
                <Name>DATEV Verify</Name>
                <AD_Language>en_US</AD_Language>
                <IsActive>Y</IsActive>
                <IsTranslated>Y</IsTranslated>
            </AD_Menu_Trl>
            <AD_InfoWindow type="table">
                <AD_Client_ID>0</AD_Client_ID>
                <AD_Org_ID>0</AD_Org_ID>
                <AD_Org_ID reference="id">0</AD_Org_ID>
                <IsActive>Y</IsActive>
                <Name>DATEV Verify</Name>
                <Description/>
                <Help/>
                <AD_Table_ID reference="uuid" reference-key="AD_Table">c109b038-44c3-4588-8237-f262ae01e2d9</AD_Table_ID>
                <EntityType>BAY</EntityType>
                <FromClause>RV_BX_DATEV a</FromClause>
                <OtherClause/>
                <Processing>N</Processing>
                <AD_InfoWindow_UU>4e94676c-c0ea-477d-8363-f03fa65b8c16</AD_InfoWindow_UU>
                <WhereClause/>
                <IsDefault>N</IsDefault>
                <IsDistinct>N</IsDistinct>
                <OrderByClause/>
                <IsValid>Y</IsValid>
                <AD_CtxHelp_ID reference="id"/>
                <ImageURL/>
                <SeqNo>150</SeqNo>
                <IsShowInDashboard>N</IsShowInDashboard>
                <MaxQueryRecords>0</MaxQueryRecords>
                <isLoadPageNum>Y</isLoadPageNum>
                <PagingSize>0</PagingSize>
                <AD_Window_ID reference="uuid" reference-key="AD_Window">21ce45a2-d301-4484-9bba-e3da2e2ff5b6</AD_Window_ID>
                <PO_Window_ID reference="id"/>
                <AD_InfoWindow_Trl type="translation">
                    <Description/>
                    <Help/>
                    <Name>DATEV Verify</Name>
                    <AD_Language>en_US</AD_Language>
                    <IsActive>Y</IsActive>
                    <IsTranslated>Y</IsTranslated>
                </AD_InfoWindow_Trl>
                <AD_InfoWindow_Trl type="translation">
                    <Description/>
                    <Help/>
                    <Name>DATEV Verifizierung</Name>
                    <AD_Language>de_DE</AD_Language>
                    <IsActive>Y</IsActive>
                    <IsTranslated>Y</IsTranslated>
                </AD_InfoWindow_Trl>
                <AD_InfoColumn type="table">
                    <AD_Client_ID>0</AD_Client_ID>
                    <AD_Org_ID>0</AD_Org_ID>
                    <AD_Org_ID reference="id">0</AD_Org_ID>
                    <IsActive>Y</IsActive>
                    <Name>Konto</Name>
                    <Description>Sach- oder Personen-Kontonummer</Description>
                    <Help/>
                    <AD_InfoWindow_ID reference="uuid" reference-key="AD_InfoWindow">4e94676c-c0ea-477d-8363-f03fa65b8c16</AD_InfoWindow_ID>
                    <EntityType>BAY</EntityType>
                    <SelectClause>a.BX_DATEV_Konto</SelectClause>
                    <SeqNo>70</SeqNo>
                    <IsDisplayed>Y</IsDisplayed>
                    <IsQueryCriteria>N</IsQueryCriteria>
                    <AD_Element_ID reference="uuid" reference-key="AD_Element">35878b73-3c97-4644-84a9-f8b19ea16ecb</AD_Element_ID>
                    <AD_Reference_ID reference="id">10</AD_Reference_ID>
                    <AD_InfoColumn_UU>f45e34b5-7475-4e53-a8b5-7eb8cb9df0ee</AD_InfoColumn_UU>
                    <AD_Reference_Value_ID reference="id"/>
                    <AD_Val_Rule_ID reference="id"/>
                    <IsCentrallyMaintained>Y</IsCentrallyMaintained>
                    <DisplayLogic/>
                    <ColumnName>BX_DATEV_Konto</ColumnName>
                    <QueryOperator/>
                    <QueryFunction/>
                    <IsIdentifier>N</IsIdentifier>
                    <SeqNoSelection>0</SeqNoSelection>
                    <DefaultValue/>
                    <IsMandatory>N</IsMandatory>
                    <IsKey>N</IsKey>
                    <IsReadOnly>Y</IsReadOnly>
                    <Placeholder/>
                    <InputFieldValidation/>
                    <AD_FieldStyle_ID reference="id"/>
                    <IsAutocomplete>N</IsAutocomplete>
                    <IsQueryAfterChange>N</IsQueryAfterChange>
                    <IsRange>N</IsRange>
                    <DefaultValue2/>
                    <Placeholder2/>
                    <AD_InfoColumn_Trl type="translation">
                        <Description>Sach- oder Personen-Kontonummer</Description>
                        <Help/>
                        <Name>Konto</Name>
                        <Placeholder/>
                        <Placeholder2/>
                        <AD_Language>de_DE</AD_Language>
                        <IsActive>Y</IsActive>
                        <IsTranslated>N</IsTranslated>
                    </AD_InfoColumn_Trl>
                    <AD_InfoColumn_Trl type="translation">
                        <Description>Sach- oder Personen-Kontonummer</Description>
                        <Help/>
                        <Name>Konto</Name>
                        <Placeholder/>
                        <Placeholder2/>
                        <AD_Language>en_US</AD_Language>
                        <IsActive>Y</IsActive>
                        <IsTranslated>Y</IsTranslated>
                    </AD_InfoColumn_Trl>
                </AD_InfoColumn>
                <AD_InfoColumn type="table">
                    <AD_Client_ID>0</AD_Client_ID>
                    <AD_Org_ID>0</AD_Org_ID>
                    <AD_Org_ID reference="id">0</AD_Org_ID>
                    <IsActive>Y</IsActive>
                    <Name>Skonto</Name>
                    <Description>Skonto-Betrag/-Abzug</Description>
                    <Help/>
                    <AD_InfoWindow_ID reference="uuid" reference-key="AD_InfoWindow">4e94676c-c0ea-477d-8363-f03fa65b8c16</AD_InfoWindow_ID>
                    <EntityType>BAY</EntityType>
                    <SelectClause>a.BX_DATEV_Skonto</SelectClause>
                    <SeqNo>80</SeqNo>
                    <IsDisplayed>Y</IsDisplayed>
                    <IsQueryCriteria>N</IsQueryCriteria>
                    <AD_Element_ID reference="uuid" reference-key="AD_Element">52f8928e-9482-40ae-bfff-713a140901c8</AD_Element_ID>
                    <AD_Reference_ID reference="id">22</AD_Reference_ID>
                    <AD_InfoColumn_UU>fe81f3b5-5270-4833-b7f3-8d75cf8c59f0</AD_InfoColumn_UU>
                    <AD_Reference_Value_ID reference="id"/>
                    <AD_Val_Rule_ID reference="id"/>
                    <IsCentrallyMaintained>Y</IsCentrallyMaintained>
                    <DisplayLogic/>
                    <ColumnName>BX_DATEV_Skonto</ColumnName>
                    <QueryOperator/>
                    <QueryFunction/>
                    <IsIdentifier>N</IsIdentifier>
                    <SeqNoSelection>0</SeqNoSelection>
                    <DefaultValue/>
                    <IsMandatory>N</IsMandatory>
                    <IsKey>N</IsKey>
                    <IsReadOnly>Y</IsReadOnly>
                    <Placeholder/>
                    <InputFieldValidation/>
                    <AD_FieldStyle_ID reference="id"/>
                    <IsAutocomplete>N</IsAutocomplete>
                    <IsQueryAfterChange>N</IsQueryAfterChange>
                    <IsRange>N</IsRange>
                    <DefaultValue2/>
                    <Placeholder2/>
                    <AD_InfoColumn_Trl type="translation">
                        <Description>Skonto-Betrag/-Abzug</Description>
                        <Help/>
                        <Name>Skonto</Name>
                        <Placeholder/>
                        <Placeholder2/>
                        <AD_Language>de_DE</AD_Language>
                        <IsActive>Y</IsActive>
                        <IsTranslated>N</IsTranslated>
                    </AD_InfoColumn_Trl>
                    <AD_InfoColumn_Trl type="translation">
                        <Description>Skonto-Betrag/-Abzug</Description>
                        <Help/>
                        <Name>Skonto</Name>
                        <Placeholder/>
                        <Placeholder2/>
                        <AD_Language>en_US</AD_Language>
                        <IsActive>Y</IsActive>
                        <IsTranslated>Y</IsTranslated>
                    </AD_InfoColumn_Trl>
                </AD_InfoColumn>
                <AD_InfoColumn type="table">
                    <AD_Client_ID>0</AD_Client_ID>
                    <AD_Org_ID>0</AD_Org_ID>
                    <AD_Org_ID reference="id">0</AD_Org_ID>
                    <IsActive>Y</IsActive>
                    <Name>Buchungstext</Name>
                    <Description/>
                    <Help/>
                    <AD_InfoWindow_ID reference="uuid" reference-key="AD_InfoWindow">4e94676c-c0ea-477d-8363-f03fa65b8c16</AD_InfoWindow_ID>
                    <EntityType>BAY</EntityType>
                    <SelectClause>a.BX_DATEV_Buchungstext</SelectClause>
                    <SeqNo>90</SeqNo>
                    <IsDisplayed>Y</IsDisplayed>
                    <IsQueryCriteria>N</IsQueryCriteria>
                    <AD_Element_ID reference="uuid" reference-key="AD_Element">df2d94a0-0935-4001-8a28-c584d503d15b</AD_Element_ID>
                    <AD_Reference_ID reference="id">10</AD_Reference_ID>
                    <AD_InfoColumn_UU>3ac70efb-260d-4d68-a037-3d8dc13ed6ab</AD_InfoColumn_UU>
                    <AD_Reference_Value_ID reference="id"/>
                    <AD_Val_Rule_ID reference="id"/>
                    <IsCentrallyMaintained>Y</IsCentrallyMaintained>
                    <DisplayLogic/>
                    <ColumnName>BX_DATEV_Buchungstext</ColumnName>
                    <QueryOperator/>
                    <QueryFunction/>
                    <IsIdentifier>N</IsIdentifier>
                    <SeqNoSelection>0</SeqNoSelection>
                    <DefaultValue/>
                    <IsMandatory>N</IsMandatory>
                    <IsKey>N</IsKey>
                    <IsReadOnly>Y</IsReadOnly>
                    <Placeholder/>
                    <InputFieldValidation/>
                    <AD_FieldStyle_ID reference="id"/>
                    <IsAutocomplete>N</IsAutocomplete>
                    <IsQueryAfterChange>N</IsQueryAfterChange>
                    <IsRange>N</IsRange>
                    <DefaultValue2/>
                    <Placeholder2/>
                    <AD_InfoColumn_Trl type="translation">
                        <Description/>
                        <Help/>
                        <Name>Buchungstext</Name>
                        <Placeholder/>
                        <Placeholder2/>
                        <AD_Language>de_DE</AD_Language>
                        <IsActive>Y</IsActive>
                        <IsTranslated>N</IsTranslated>
                    </AD_InfoColumn_Trl>
                    <AD_InfoColumn_Trl type="translation">
                        <Description/>
                        <Help/>
                        <Name>Buchungstext</Name>
                        <Placeholder/>
                        <Placeholder2/>
                        <AD_Language>en_US</AD_Language>
                        <IsActive>Y</IsActive>
                        <IsTranslated>Y</IsTranslated>
                    </AD_InfoColumn_Trl>
                </AD_InfoColumn>
                <AD_InfoColumn type="table">
                    <AD_Client_ID>0</AD_Client_ID>
                    <AD_Org_ID>0</AD_Org_ID>
                    <AD_Org_ID reference="id">0</AD_Org_ID>
                    <IsActive>Y</IsActive>
                    <Name>Währung</Name>
                    <Description/>
                    <Help/>
                    <AD_InfoWindow_ID reference="uuid" reference-key="AD_InfoWindow">4e94676c-c0ea-477d-8363-f03fa65b8c16</AD_InfoWindow_ID>
                    <EntityType>BAY</EntityType>
                    <SelectClause>a.BX_DATEV_Waehrung</SelectClause>
                    <SeqNo>110</SeqNo>
                    <IsDisplayed>Y</IsDisplayed>
                    <IsQueryCriteria>N</IsQueryCriteria>
                    <AD_Element_ID reference="uuid" reference-key="AD_Element">2f18848f-699e-4e59-bc2c-6cc7a190ed88</AD_Element_ID>
                    <AD_Reference_ID reference="id">10</AD_Reference_ID>
                    <AD_InfoColumn_UU>07b549ac-f8ab-4a12-bf2b-d1616adad10c</AD_InfoColumn_UU>
                    <AD_Reference_Value_ID reference="id"/>
                    <AD_Val_Rule_ID reference="id"/>
                    <IsCentrallyMaintained>Y</IsCentrallyMaintained>
                    <DisplayLogic/>
                    <ColumnName>BX_DATEV_Waehrung</ColumnName>
                    <QueryOperator/>
                    <QueryFunction/>
                    <IsIdentifier>N</IsIdentifier>
                    <SeqNoSelection>0</SeqNoSelection>
                    <DefaultValue/>
                    <IsMandatory>N</IsMandatory>
                    <IsKey>N</IsKey>
                    <IsReadOnly>Y</IsReadOnly>
                    <Placeholder/>
                    <InputFieldValidation/>
                    <AD_FieldStyle_ID reference="id"/>
                    <IsAutocomplete>N</IsAutocomplete>
                    <IsQueryAfterChange>N</IsQueryAfterChange>
                    <IsRange>N</IsRange>
                    <DefaultValue2/>
                    <Placeholder2/>
                    <AD_InfoColumn_Trl type="translation">
                        <Description/>
                        <Help/>
                        <Name>Währung</Name>
                        <Placeholder/>
                        <Placeholder2/>
                        <AD_Language>de_DE</AD_Language>
                        <IsActive>Y</IsActive>
                        <IsTranslated>N</IsTranslated>
                    </AD_InfoColumn_Trl>
                    <AD_InfoColumn_Trl type="translation">
                        <Description/>
                        <Help/>
                        <Name>Währung</Name>
                        <Placeholder/>
                        <Placeholder2/>
                        <AD_Language>en_US</AD_Language>
                        <IsActive>Y</IsActive>
                        <IsTranslated>Y</IsTranslated>
                    </AD_InfoColumn_Trl>
                </AD_InfoColumn>
                <AD_InfoColumn type="table">
                    <AD_Client_ID>0</AD_Client_ID>
                    <AD_Org_ID>0</AD_Org_ID>
                    <AD_Org_ID reference="id">0</AD_Org_ID>
                    <IsActive>Y</IsActive>
                    <Name>EU-Informationen</Name>
                    <Description/>
                    <Help/>
                    <AD_InfoWindow_ID reference="uuid" reference-key="AD_InfoWindow">4e94676c-c0ea-477d-8363-f03fa65b8c16</AD_InfoWindow_ID>
                    <EntityType>BAY</EntityType>
                    <SelectClause>a.BX_DATEV_EU_Informationen</SelectClause>
                    <SeqNo>100</SeqNo>
                    <IsDisplayed>Y</IsDisplayed>
                    <IsQueryCriteria>N</IsQueryCriteria>
                    <AD_Element_ID reference="uuid" reference-key="AD_Element">254cca2b-52eb-49de-bf03-8185724af3b9</AD_Element_ID>
                    <AD_Reference_ID reference="id">10</AD_Reference_ID>
                    <AD_InfoColumn_UU>c6fcfb69-60b2-4bef-aa4c-585b23e97a70</AD_InfoColumn_UU>
                    <AD_Reference_Value_ID reference="id"/>
                    <AD_Val_Rule_ID reference="id"/>
                    <IsCentrallyMaintained>Y</IsCentrallyMaintained>
                    <DisplayLogic/>
                    <ColumnName>BX_DATEV_EU_Informationen</ColumnName>
                    <QueryOperator/>
                    <QueryFunction/>
                    <IsIdentifier>N</IsIdentifier>
                    <SeqNoSelection>0</SeqNoSelection>
                    <DefaultValue/>
                    <IsMandatory>N</IsMandatory>
                    <IsKey>N</IsKey>
                    <IsReadOnly>Y</IsReadOnly>
                    <Placeholder/>
                    <InputFieldValidation/>
                    <AD_FieldStyle_ID reference="id"/>
                    <IsAutocomplete>N</IsAutocomplete>
                    <IsQueryAfterChange>N</IsQueryAfterChange>
                    <IsRange>N</IsRange>
                    <DefaultValue2/>
                    <Placeholder2/>
                    <AD_InfoColumn_Trl type="translation">
                        <Description/>
                        <Help/>
                        <Name>EU-Informationen</Name>
                        <Placeholder/>
                        <Placeholder2/>
                        <AD_Language>de_DE</AD_Language>
                        <IsActive>Y</IsActive>
                        <IsTranslated>N</IsTranslated>
                    </AD_InfoColumn_Trl>
                    <AD_InfoColumn_Trl type="translation">
                        <Description/>
                        <Help/>
                        <Name>EU-Informationen</Name>
                        <Placeholder/>
                        <Placeholder2/>
                        <AD_Language>en_US</AD_Language>
                        <IsActive>Y</IsActive>
                        <IsTranslated>Y</IsTranslated>
                    </AD_InfoColumn_Trl>
                </AD_InfoColumn>
                <AD_InfoColumn type="table">
                    <AD_Client_ID>0</AD_Client_ID>
                    <AD_Org_ID>0</AD_Org_ID>
                    <AD_Org_ID reference="id">0</AD_Org_ID>
                    <IsActive>Y</IsActive>
                    <Name>Umsatz</Name>
                    <Description/>
                    <Help/>
                    <AD_InfoWindow_ID reference="uuid" reference-key="AD_InfoWindow">4e94676c-c0ea-477d-8363-f03fa65b8c16</AD_InfoWindow_ID>
                    <EntityType>BAY</EntityType>
                    <SelectClause>a.BX_DATEV_Umsatz</SelectClause>
                    <SeqNo>10</SeqNo>
                    <IsDisplayed>Y</IsDisplayed>
                    <IsQueryCriteria>N</IsQueryCriteria>
                    <AD_Element_ID reference="uuid" reference-key="AD_Element">5d5ce7c4-52f0-4636-8155-d9bf057bdc59</AD_Element_ID>
                    <AD_Reference_ID reference="id">12</AD_Reference_ID>
                    <AD_InfoColumn_UU>49c8350e-4760-4e07-b85b-33b58ce5740a</AD_InfoColumn_UU>
                    <AD_Reference_Value_ID reference="id"/>
                    <AD_Val_Rule_ID reference="id"/>
                    <IsCentrallyMaintained>Y</IsCentrallyMaintained>
                    <DisplayLogic/>
                    <ColumnName>BX_DATEV_Umsatz</ColumnName>
                    <QueryOperator/>
                    <QueryFunction/>
                    <IsIdentifier>N</IsIdentifier>
                    <SeqNoSelection>0</SeqNoSelection>
                    <DefaultValue/>
                    <IsMandatory>N</IsMandatory>
                    <IsKey>N</IsKey>
                    <IsReadOnly>Y</IsReadOnly>
                    <Placeholder/>
                    <InputFieldValidation/>
                    <AD_FieldStyle_ID reference="id"/>
                    <IsAutocomplete>N</IsAutocomplete>
                    <IsQueryAfterChange>N</IsQueryAfterChange>
                    <IsRange>N</IsRange>
                    <DefaultValue2/>
                    <Placeholder2/>
                    <AD_InfoColumn_Trl type="translation">
                        <Description/>
                        <Help/>
                        <Name>Umsatz</Name>
                        <Placeholder/>
                        <Placeholder2/>
                        <AD_Language>de_DE</AD_Language>
                        <IsActive>Y</IsActive>
                        <IsTranslated>N</IsTranslated>
                    </AD_InfoColumn_Trl>
                    <AD_InfoColumn_Trl type="translation">
                        <Description/>
                        <Help/>
                        <Name>Umsatz</Name>
                        <Placeholder/>
                        <Placeholder2/>
                        <AD_Language>en_US</AD_Language>
                        <IsActive>Y</IsActive>
                        <IsTranslated>Y</IsTranslated>
                    </AD_InfoColumn_Trl>
                </AD_InfoColumn>
                <AD_InfoColumn type="table">
                    <AD_Client_ID>0</AD_Client_ID>
                    <AD_Org_ID>0</AD_Org_ID>
                    <AD_Org_ID reference="id">0</AD_Org_ID>
                    <IsActive>Y</IsActive>
                    <Name>Soll/Haben-Kennzeichen</Name>
                    <Description>Die Soll-/Haben-Kennzeichnung des Umsatzes bezieht sich auf das Konto, das im Feld Konto angegeben wird:  S = Soll  H = Haben</Description>
                    <Help/>
                    <AD_InfoWindow_ID reference="uuid" reference-key="AD_InfoWindow">4e94676c-c0ea-477d-8363-f03fa65b8c16</AD_InfoWindow_ID>
                    <EntityType>BAY</EntityType>
                    <SelectClause>a.BX_DATEV_SH</SelectClause>
                    <SeqNo>20</SeqNo>
                    <IsDisplayed>Y</IsDisplayed>
                    <IsQueryCriteria>N</IsQueryCriteria>
                    <AD_Element_ID reference="uuid" reference-key="AD_Element">47cf4f12-7f1e-414f-9130-e80791f8605f</AD_Element_ID>
                    <AD_Reference_ID reference="id">10</AD_Reference_ID>
                    <AD_InfoColumn_UU>dd6fd6f4-32b0-4ee9-bda0-82025a25eb5b</AD_InfoColumn_UU>
                    <AD_Reference_Value_ID reference="id"/>
                    <AD_Val_Rule_ID reference="id"/>
                    <IsCentrallyMaintained>Y</IsCentrallyMaintained>
                    <DisplayLogic/>
                    <ColumnName>BX_DATEV_SH</ColumnName>
                    <QueryOperator/>
                    <QueryFunction/>
                    <IsIdentifier>N</IsIdentifier>
                    <SeqNoSelection>0</SeqNoSelection>
                    <DefaultValue/>
                    <IsMandatory>N</IsMandatory>
                    <IsKey>N</IsKey>
                    <IsReadOnly>Y</IsReadOnly>
                    <Placeholder/>
                    <InputFieldValidation/>
                    <AD_FieldStyle_ID reference="id"/>
                    <IsAutocomplete>N</IsAutocomplete>
                    <IsQueryAfterChange>N</IsQueryAfterChange>
                    <IsRange>N</IsRange>
                    <DefaultValue2/>
                    <Placeholder2/>
                    <AD_InfoColumn_Trl type="translation">
                        <Description>Die Soll-/Haben-Kennzeichnung des Umsatzes bezieht sich auf das Konto, das im Feld Konto angegeben wird:  S = Soll  H = Haben</Description>
                        <Help/>
                        <Name>Soll/Haben-Kennzeichen</Name>
                        <Placeholder/>
                        <Placeholder2/>
                        <AD_Language>de_DE</AD_Language>
                        <IsActive>Y</IsActive>
                        <IsTranslated>N</IsTranslated>
                    </AD_InfoColumn_Trl>
                    <AD_InfoColumn_Trl type="translation">
                        <Description>Die Soll-/Haben-Kennzeichnung des Umsatzes bezieht sich auf das Konto, das im Feld Konto angegeben wird:  S = Soll  H = Haben</Description>
                        <Help/>
                        <Name>Soll/Haben-Kennzeichen</Name>
                        <Placeholder/>
                        <Placeholder2/>
                        <AD_Language>en_US</AD_Language>
                        <IsActive>Y</IsActive>
                        <IsTranslated>Y</IsTranslated>
                    </AD_InfoColumn_Trl>
                </AD_InfoColumn>
                <AD_InfoColumn type="table">
                    <AD_Client_ID>0</AD_Client_ID>
                    <AD_Org_ID>0</AD_Org_ID>
                    <AD_Org_ID reference="id">0</AD_Org_ID>
                    <IsActive>Y</IsActive>
                    <Name>BU-Schlüssel</Name>
                    <Description>Steuerschlüssel</Description>
                    <Help/>
                    <AD_InfoWindow_ID reference="uuid" reference-key="AD_InfoWindow">4e94676c-c0ea-477d-8363-f03fa65b8c16</AD_InfoWindow_ID>
                    <EntityType>BAY</EntityType>
                    <SelectClause>a.BX_DATEV_BU</SelectClause>
                    <SeqNo>30</SeqNo>
                    <IsDisplayed>Y</IsDisplayed>
                    <IsQueryCriteria>N</IsQueryCriteria>
                    <AD_Element_ID reference="uuid" reference-key="AD_Element">5716e8d1-906a-42e3-875b-e87a4e63b475</AD_Element_ID>
                    <AD_Reference_ID reference="id">10</AD_Reference_ID>
                    <AD_InfoColumn_UU>51228ce5-9ba3-4f4c-9552-80f91b553bfa</AD_InfoColumn_UU>
                    <AD_Reference_Value_ID reference="id"/>
                    <AD_Val_Rule_ID reference="id"/>
                    <IsCentrallyMaintained>Y</IsCentrallyMaintained>
                    <DisplayLogic/>
                    <ColumnName>BX_DATEV_BU</ColumnName>
                    <QueryOperator/>
                    <QueryFunction/>
                    <IsIdentifier>N</IsIdentifier>
                    <SeqNoSelection>0</SeqNoSelection>
                    <DefaultValue/>
                    <IsMandatory>N</IsMandatory>
                    <IsKey>N</IsKey>
                    <IsReadOnly>Y</IsReadOnly>
                    <Placeholder/>
                    <InputFieldValidation/>
                    <AD_FieldStyle_ID reference="id"/>
                    <IsAutocomplete>N</IsAutocomplete>
                    <IsQueryAfterChange>N</IsQueryAfterChange>
                    <IsRange>N</IsRange>
                    <DefaultValue2/>
                    <Placeholder2/>
                    <AD_InfoColumn_Trl type="translation">
                        <Description>Steuerschlüssel</Description>
                        <Help/>
                        <Name>BU-Schlüssel</Name>
                        <Placeholder/>
                        <Placeholder2/>
                        <AD_Language>en_US</AD_Language>
                        <IsActive>Y</IsActive>
                        <IsTranslated>Y</IsTranslated>
                    </AD_InfoColumn_Trl>
                    <AD_InfoColumn_Trl type="translation">
                        <Description>Steuerschlüssel</Description>
                        <Help/>
                        <Name>BU-Schlüssel</Name>
                        <Placeholder/>
                        <Placeholder2/>
                        <AD_Language>de_DE</AD_Language>
                        <IsActive>Y</IsActive>
                        <IsTranslated>N</IsTranslated>
                    </AD_InfoColumn_Trl>
                </AD_InfoColumn>
                <AD_InfoColumn type="table">
                    <AD_Client_ID>0</AD_Client_ID>
                    <AD_Org_ID>0</AD_Org_ID>
                    <AD_Org_ID reference="id">0</AD_Org_ID>
                    <IsActive>Y</IsActive>
                    <Name>Gegenkonto</Name>
                    <Description>Sach- oder Personen-Kontonummer</Description>
                    <Help/>
                    <AD_InfoWindow_ID reference="uuid" reference-key="AD_InfoWindow">4e94676c-c0ea-477d-8363-f03fa65b8c16</AD_InfoWindow_ID>
                    <EntityType>BAY</EntityType>
                    <SelectClause>a.BX_DATEV_Gegenkonto</SelectClause>
                    <SeqNo>40</SeqNo>
                    <IsDisplayed>Y</IsDisplayed>
                    <IsQueryCriteria>N</IsQueryCriteria>
                    <AD_Element_ID reference="uuid" reference-key="AD_Element">ca5d9a6c-1ee7-4696-830c-076eb56feb65</AD_Element_ID>
                    <AD_Reference_ID reference="id">10</AD_Reference_ID>
                    <AD_InfoColumn_UU>ee8325d7-2e5d-4afd-92f8-f3f700772e87</AD_InfoColumn_UU>
                    <AD_Reference_Value_ID reference="id"/>
                    <AD_Val_Rule_ID reference="id"/>
                    <IsCentrallyMaintained>Y</IsCentrallyMaintained>
                    <DisplayLogic/>
                    <ColumnName>BX_DATEV_Gegenkonto</ColumnName>
                    <QueryOperator/>
                    <QueryFunction/>
                    <IsIdentifier>N</IsIdentifier>
                    <SeqNoSelection>0</SeqNoSelection>
                    <DefaultValue/>
                    <IsMandatory>N</IsMandatory>
                    <IsKey>N</IsKey>
                    <IsReadOnly>Y</IsReadOnly>
                    <Placeholder/>
                    <InputFieldValidation/>
                    <AD_FieldStyle_ID reference="id"/>
                    <IsAutocomplete>N</IsAutocomplete>
                    <IsQueryAfterChange>N</IsQueryAfterChange>
                    <IsRange>N</IsRange>
                    <DefaultValue2/>
                    <Placeholder2/>
                    <AD_InfoColumn_Trl type="translation">
                        <Description>Sach- oder Personen-Kontonummer</Description>
                        <Help/>
                        <Name>Gegenkonto</Name>
                        <Placeholder/>
                        <Placeholder2/>
                        <AD_Language>de_DE</AD_Language>
                        <IsActive>Y</IsActive>
                        <IsTranslated>N</IsTranslated>
                    </AD_InfoColumn_Trl>
                    <AD_InfoColumn_Trl type="translation">
                        <Description>Sach- oder Personen-Kontonummer</Description>
                        <Help/>
                        <Name>Gegenkonto</Name>
                        <Placeholder/>
                        <Placeholder2/>
                        <AD_Language>en_US</AD_Language>
                        <IsActive>Y</IsActive>
                        <IsTranslated>Y</IsTranslated>
                    </AD_InfoColumn_Trl>
                </AD_InfoColumn>
                <AD_InfoColumn type="table">
                    <AD_Client_ID>0</AD_Client_ID>
                    <AD_Org_ID>0</AD_Org_ID>
                    <AD_Org_ID reference="id">0</AD_Org_ID>
                    <IsActive>Y</IsActive>
                    <Name>Kurs</Name>
                    <Description>Der Fremdwährungskurs bestimmt, wie der angegebene Umsatz, der in Fremdwährung übergeben wird, in die Basiswährung umzurechnen ist, wenn es sich um ein Nicht-EWU-Land handelt</Description>
                    <Help/>
                    <AD_InfoWindow_ID reference="uuid" reference-key="AD_InfoWindow">4e94676c-c0ea-477d-8363-f03fa65b8c16</AD_InfoWindow_ID>
                    <EntityType>BAY</EntityType>
                    <SelectClause>a.BX_DATEV_Kurs</SelectClause>
                    <SeqNo>120</SeqNo>
                    <IsDisplayed>Y</IsDisplayed>
                    <IsQueryCriteria>N</IsQueryCriteria>
                    <AD_Element_ID reference="uuid" reference-key="AD_Element">51979989-6483-49a0-92c5-3861c526c7a5</AD_Element_ID>
                    <AD_Reference_ID reference="id">22</AD_Reference_ID>
                    <AD_InfoColumn_UU>9fc0009e-35cf-4fe6-8d97-caebf7968d5d</AD_InfoColumn_UU>
                    <AD_Reference_Value_ID reference="id"/>
                    <AD_Val_Rule_ID reference="id"/>
                    <IsCentrallyMaintained>Y</IsCentrallyMaintained>
                    <DisplayLogic/>
                    <ColumnName>BX_DATEV_Kurs</ColumnName>
                    <QueryOperator/>
                    <QueryFunction/>
                    <IsIdentifier>N</IsIdentifier>
                    <SeqNoSelection>0</SeqNoSelection>
                    <DefaultValue/>
                    <IsMandatory>N</IsMandatory>
                    <IsKey>N</IsKey>
                    <IsReadOnly>Y</IsReadOnly>
                    <Placeholder/>
                    <InputFieldValidation/>
                    <AD_FieldStyle_ID reference="id"/>
                    <IsAutocomplete>N</IsAutocomplete>
                    <IsQueryAfterChange>N</IsQueryAfterChange>
                    <IsRange>N</IsRange>
                    <DefaultValue2/>
                    <Placeholder2/>
                    <AD_InfoColumn_Trl type="translation">
                        <Description>Der Fremdwährungskurs bestimmt, wie der angegebene Umsatz, der in Fremdwährung übergeben wird, in die Basiswährung umzurechnen ist, wenn es sich um ein Nicht-EWU-Land handelt</Description>
                        <Help/>
                        <Name>Kurs</Name>
                        <Placeholder/>
                        <Placeholder2/>
                        <AD_Language>de_DE</AD_Language>
                        <IsActive>Y</IsActive>
                        <IsTranslated>N</IsTranslated>
                    </AD_InfoColumn_Trl>
                    <AD_InfoColumn_Trl type="translation">
                        <Description>Der Fremdwährungskurs bestimmt, wie der angegebene Umsatz, der in Fremdwährung übergeben wird, in die Basiswährung umzurechnen ist, wenn es sich um ein Nicht-EWU-Land handelt</Description>
                        <Help/>
                        <Name>Kurs</Name>
                        <Placeholder/>
                        <Placeholder2/>
                        <AD_Language>en_US</AD_Language>
                        <IsActive>Y</IsActive>
                        <IsTranslated>Y</IsTranslated>
                    </AD_InfoColumn_Trl>
                </AD_InfoColumn>
                <AD_InfoColumn type="table">
                    <AD_Client_ID>0</AD_Client_ID>
                    <AD_Org_ID>0</AD_Org_ID>
                    <AD_Org_ID reference="id">0</AD_Org_ID>
                    <IsActive>Y</IsActive>
                    <Name>Kundennummer</Name>
                    <Description/>
                    <Help/>
                    <AD_InfoWindow_ID reference="uuid" reference-key="AD_InfoWindow">4e94676c-c0ea-477d-8363-f03fa65b8c16</AD_InfoWindow_ID>
                    <EntityType>BAY</EntityType>
                    <SelectClause>a.BX_DATEV_Kundennummer</SelectClause>
                    <SeqNo>130</SeqNo>
                    <IsDisplayed>Y</IsDisplayed>
                    <IsQueryCriteria>N</IsQueryCriteria>
                    <AD_Element_ID reference="uuid" reference-key="AD_Element">d440a4ab-48a4-49e6-84ce-3ff70d5fe7f6</AD_Element_ID>
                    <AD_Reference_ID reference="id">10</AD_Reference_ID>
                    <AD_InfoColumn_UU>eb94a690-ab58-4c29-80f1-60ad5c3c7b39</AD_InfoColumn_UU>
                    <AD_Reference_Value_ID reference="id"/>
                    <AD_Val_Rule_ID reference="id"/>
                    <IsCentrallyMaintained>Y</IsCentrallyMaintained>
                    <DisplayLogic/>
                    <ColumnName>BX_DATEV_Kundennummer</ColumnName>
                    <QueryOperator/>
                    <QueryFunction/>
                    <IsIdentifier>N</IsIdentifier>
                    <SeqNoSelection>0</SeqNoSelection>
                    <DefaultValue/>
                    <IsMandatory>N</IsMandatory>
                    <IsKey>N</IsKey>
                    <IsReadOnly>Y</IsReadOnly>
                    <Placeholder/>
                    <InputFieldValidation/>
                    <AD_FieldStyle_ID reference="id"/>
                    <IsAutocomplete>N</IsAutocomplete>
                    <IsQueryAfterChange>N</IsQueryAfterChange>
                    <IsRange>N</IsRange>
                    <DefaultValue2/>
                    <Placeholder2/>
                    <AD_InfoColumn_Trl type="translation">
                        <Description/>
                        <Help/>
                        <Name>Kundennummer</Name>
                        <Placeholder/>
                        <Placeholder2/>
                        <AD_Language>de_DE</AD_Language>
                        <IsActive>Y</IsActive>
                        <IsTranslated>N</IsTranslated>
                    </AD_InfoColumn_Trl>
                    <AD_InfoColumn_Trl type="translation">
                        <Description/>
                        <Help/>
                        <Name>Kundennummer</Name>
                        <Placeholder/>
                        <Placeholder2/>
                        <AD_Language>en_US</AD_Language>
                        <IsActive>Y</IsActive>
                        <IsTranslated>Y</IsTranslated>
                    </AD_InfoColumn_Trl>
                </AD_InfoColumn>
                <AD_InfoColumn type="table">
                    <AD_Client_ID>0</AD_Client_ID>
                    <AD_Org_ID>0</AD_Org_ID>
                    <AD_Org_ID reference="id">0</AD_Org_ID>
                    <IsActive>Y</IsActive>
                    <Name>Datum</Name>
                    <Description/>
                    <Help/>
                    <AD_InfoWindow_ID reference="uuid" reference-key="AD_InfoWindow">4e94676c-c0ea-477d-8363-f03fa65b8c16</AD_InfoWindow_ID>
                    <EntityType>BAY</EntityType>
                    <SelectClause>a.BX_DATEV_Datum</SelectClause>
                    <SeqNo>60</SeqNo>
                    <IsDisplayed>Y</IsDisplayed>
                    <IsQueryCriteria>Y</IsQueryCriteria>
                    <AD_Element_ID reference="uuid" reference-key="AD_Element">e1009b2f-20dc-4dc8-9855-be0948d6dd13</AD_Element_ID>
                    <AD_Reference_ID reference="id">15</AD_Reference_ID>
                    <AD_InfoColumn_UU>ecec9233-5080-4168-8fa7-5ebfedbe6925</AD_InfoColumn_UU>
                    <AD_Reference_Value_ID reference="id"/>
                    <AD_Val_Rule_ID reference="id"/>
                    <IsCentrallyMaintained>Y</IsCentrallyMaintained>
                    <DisplayLogic/>
                    <ColumnName>BX_DATEV_Datum</ColumnName>
                    <QueryOperator>=</QueryOperator>
                    <QueryFunction>Trunc</QueryFunction>
                    <IsIdentifier>N</IsIdentifier>
                    <SeqNoSelection>20</SeqNoSelection>
                    <DefaultValue>@SQL=SELECT firstof(adddays(firstof(getdate(),'MM'),-1),'MM') FROM dual</DefaultValue>
                    <IsMandatory>Y</IsMandatory>
                    <IsKey>N</IsKey>
                    <IsReadOnly>Y</IsReadOnly>
                    <Placeholder/>
                    <InputFieldValidation/>
                    <AD_FieldStyle_ID reference="id"/>
                    <IsAutocomplete>N</IsAutocomplete>
                    <IsQueryAfterChange>N</IsQueryAfterChange>
                    <IsRange>Y</IsRange>
                    <DefaultValue2>@SQL=SELECT adddays(firstof(getdate(),'MM'),-1) FROM dual</DefaultValue2>
                    <Placeholder2/>
                    <AD_InfoColumn_Trl type="translation">
                        <Description/>
                        <Help/>
                        <Name>Datum</Name>
                        <Placeholder/>
                        <Placeholder2/>
                        <AD_Language>de_DE</AD_Language>
                        <IsActive>Y</IsActive>
                        <IsTranslated>N</IsTranslated>
                    </AD_InfoColumn_Trl>
                    <AD_InfoColumn_Trl type="translation">
                        <Description/>
                        <Help/>
                        <Name>Datum</Name>
                        <Placeholder/>
                        <Placeholder2/>
                        <AD_Language>en_US</AD_Language>
                        <IsActive>Y</IsActive>
                        <IsTranslated>Y</IsTranslated>
                    </AD_InfoColumn_Trl>
                </AD_InfoColumn>
                <AD_InfoColumn type="table">
                    <AD_Client_ID>0</AD_Client_ID>
                    <AD_Org_ID>0</AD_Org_ID>
                    <AD_Org_ID reference="id">0</AD_Org_ID>
                    <IsActive>Y</IsActive>
                    <Name>Belegfeld 1</Name>
                    <Description>Rechnungs-/Belegnummer</Description>
                    <Help/>
                    <AD_InfoWindow_ID reference="uuid" reference-key="AD_InfoWindow">4e94676c-c0ea-477d-8363-f03fa65b8c16</AD_InfoWindow_ID>
                    <EntityType>BAY</EntityType>
                    <SelectClause>a.BX_DATEV_Belegfeld_1</SelectClause>
                    <SeqNo>50</SeqNo>
                    <IsDisplayed>Y</IsDisplayed>
                    <IsQueryCriteria>N</IsQueryCriteria>
                    <AD_Element_ID reference="uuid" reference-key="AD_Element">fbc45096-6bf3-4392-ade6-4772f281c9b2</AD_Element_ID>
                    <AD_Reference_ID reference="id">10</AD_Reference_ID>
                    <AD_InfoColumn_UU>c1f69305-8e8d-47bf-8d3c-7550c04ad878</AD_InfoColumn_UU>
                    <AD_Reference_Value_ID reference="id"/>
                    <AD_Val_Rule_ID reference="id"/>
                    <IsCentrallyMaintained>Y</IsCentrallyMaintained>
                    <DisplayLogic/>
                    <ColumnName>BX_DATEV_Belegfeld_1</ColumnName>
                    <QueryOperator>Like</QueryOperator>
                    <QueryFunction>Upper</QueryFunction>
                    <IsIdentifier>N</IsIdentifier>
                    <SeqNoSelection>10</SeqNoSelection>
                    <DefaultValue/>
                    <IsMandatory>N</IsMandatory>
                    <IsKey>N</IsKey>
                    <IsReadOnly>Y</IsReadOnly>
                    <Placeholder/>
                    <InputFieldValidation/>
                    <AD_FieldStyle_ID reference="id"/>
                    <IsAutocomplete>N</IsAutocomplete>
                    <IsQueryAfterChange>N</IsQueryAfterChange>
                    <IsRange>N</IsRange>
                    <DefaultValue2/>
                    <Placeholder2/>
                    <AD_InfoColumn_Trl type="translation">
                        <Description>Rechnungs-/Belegnummer</Description>
                        <Help/>
                        <Name>Belegfeld 1</Name>
                        <Placeholder/>
                        <Placeholder2/>
                        <AD_Language>de_DE</AD_Language>
                        <IsActive>Y</IsActive>
                        <IsTranslated>N</IsTranslated>
                    </AD_InfoColumn_Trl>
                    <AD_InfoColumn_Trl type="translation">
                        <Description>Rechnungs-/Belegnummer</Description>
                        <Help/>
                        <Name>Belegfeld 1</Name>
                        <Placeholder/>
                        <Placeholder2/>
                        <AD_Language>en_US</AD_Language>
                        <IsActive>Y</IsActive>
                        <IsTranslated>Y</IsTranslated>
                    </AD_InfoColumn_Trl>
                </AD_InfoColumn>
                <AD_Process type="table">
                    <AD_Client_ID>0</AD_Client_ID>
                    <AD_Org_ID>0</AD_Org_ID>
                    <AD_Org_ID reference="id">0</AD_Org_ID>
                    <IsActive>Y</IsActive>
                    <Name>DATEV SSV Export</Name>
                    <Description/>
                    <Help/>
                    <ProcedureName/>
                    <IsReport>N</IsReport>
                    <Value>DATEV SSV Export</Value>
                    <IsDirectPrint>N</IsDirectPrint>
                    <AD_ReportView_ID reference="id"/>
                    <Classname>de.bxservice.datev.process.DATEV_SSV_Export</Classname>
                    <AccessLevel>3</AccessLevel>
                    <EntityType>BAY</EntityType>
                    <Statistic_Count>8</Statistic_Count>
                    <Statistic_Seconds>72</Statistic_Seconds>
                    <AD_PrintFormat_ID reference="id"/>
                    <WorkflowValue/>
                    <AD_Workflow_ID reference="id"/>
                    <IsBetaFunctionality>N</IsBetaFunctionality>
                    <ShowHelp>Y</ShowHelp>
                    <JasperReport/>
                    <AD_Form_ID reference="id"/>
                    <CopyFromProcess>N</CopyFromProcess>
                    <AD_Process_UU>5dbbba95-256f-4c0d-8c20-09b31a3ee1e0</AD_Process_UU>
                    <AD_CtxHelp_ID reference="id"/>
                    <ExecutionType/>
                    <AllowMultipleExecution>P</AllowMultipleExecution>
                    <FileNamePattern/>
                    <AD_Process_Trl type="translation">
                        <Description/>
                        <Help/>
                        <Name>DATEV SSV Export</Name>
                        <AD_Language>de_DE</AD_Language>
                        <IsActive>Y</IsActive>
                        <IsTranslated>Y</IsTranslated>
                    </AD_Process_Trl>
                    <AD_Process_Trl type="translation">
                        <Description/>
                        <Help/>
                        <Name>DATEV SSV Export</Name>
                        <AD_Language>en_US</AD_Language>
                        <IsActive>Y</IsActive>
                        <IsTranslated>Y</IsTranslated>
                    </AD_Process_Trl>
                    <AD_Process_Para type="table">
                        <AD_Client_ID>0</AD_Client_ID>
                        <AD_Org_ID>0</AD_Org_ID>
                        <AD_Org_ID reference="id">0</AD_Org_ID>
                        <IsActive>Y</IsActive>
                        <Name>Datum</Name>
                        <Description/>
                        <Help/>
                        <AD_Process_ID reference="uuid" reference-key="AD_Process">5dbbba95-256f-4c0d-8c20-09b31a3ee1e0</AD_Process_ID>
                        <SeqNo>10</SeqNo>
                        <AD_Reference_ID reference="id">15</AD_Reference_ID>
                        <AD_Reference_Value_ID reference="id"/>
                        <IsRange>Y</IsRange>
                        <AD_Val_Rule_ID reference="id"/>
                        <FieldLength>29</FieldLength>
                        <IsMandatory>Y</IsMandatory>
                        <DefaultValue>@SQL=SELECT firstof(adddays(firstof(getdate(),'MM'),-1),'MM') FROM dual</DefaultValue>
                        <VFormat/>
                        <ValueMin/>
                        <ValueMax/>
                        <ColumnName>BX_DATEV_Datum</ColumnName>
                        <DefaultValue2>@SQL=SELECT adddays(firstof(getdate(),'MM'),-1) FROM dual</DefaultValue2>
                        <IsCentrallyMaintained>Y</IsCentrallyMaintained>
                        <EntityType>BAY</EntityType>
                        <AD_Element_ID reference="uuid" reference-key="AD_Element">e1009b2f-20dc-4dc8-9855-be0948d6dd13</AD_Element_ID>
                        <ReadOnlyLogic/>
                        <DisplayLogic/>
                        <AD_Process_Para_UU>1ef15d47-7394-4eaa-857e-3ba45657073c</AD_Process_Para_UU>
                        <IsEncrypted>N</IsEncrypted>
                        <MandatoryLogic/>
                        <Query/>
                        <AD_FieldGroup_ID reference="id"/>
                        <Placeholder/>
                        <Placeholder2/>
                        <IsAutocomplete>N</IsAutocomplete>
                        <DateRangeOption>D</DateRangeOption>
                        <IsShowNegateButton>N</IsShowNegateButton>
                        <AD_Process_Para_Trl type="translation">
                            <Description/>
                            <Help/>
                            <Name>Datum</Name>
                            <Placeholder/>
                            <Placeholder2/>
                            <AD_Language>de_DE</AD_Language>
                            <IsActive>Y</IsActive>
                            <IsTranslated>N</IsTranslated>
                        </AD_Process_Para_Trl>
                        <AD_Process_Para_Trl type="translation">
                            <Description/>
                            <Help/>
                            <Name>Datum</Name>
                            <Placeholder/>
                            <Placeholder2/>
                            <AD_Language>en_US</AD_Language>
                            <IsActive>Y</IsActive>
                            <IsTranslated>Y</IsTranslated>
                        </AD_Process_Para_Trl>
                    </AD_Process_Para>
                </AD_Process>
                <AD_InfoProcess type="table">
                    <AD_Client_ID>0</AD_Client_ID>
                    <AD_Org_ID>0</AD_Org_ID>
                    <AD_InfoProcess_UU>f165ae56-ea3d-4202-9582-c4a7de16876b</AD_InfoProcess_UU>
                    <AD_Org_ID reference="id">0</AD_Org_ID>
                    <IsActive>Y</IsActive>
                    <ImageURL/>
                    <SeqNo>10</SeqNo>
                    <AD_Process_ID reference="uuid" reference-key="AD_Process">5dbbba95-256f-4c0d-8c20-09b31a3ee1e0</AD_Process_ID>
                    <AD_InfoWindow_ID reference="uuid" reference-key="AD_InfoWindow">4e94676c-c0ea-477d-8363-f03fa65b8c16</AD_InfoWindow_ID>
                    <LayoutType>B</LayoutType>
                    <DisplayLogic/>
                    <AD_InfoColumn_ID reference="id"/>
                    <EntityType>BAY</EntityType>
                </AD_InfoProcess>
            </AD_InfoWindow>
        </AD_Menu>
        <AD_Menu type="table">
            <Parent_ID reference="uuid" reference-key="AD_Menu">802ff559-fe14-4a36-ba0e-cb33a3f1705b</Parent_ID>
            <SeqNo>1</SeqNo>
            <AD_Client_ID>0</AD_Client_ID>
            <AD_Org_ID>0</AD_Org_ID>
            <Name>DATEV SSV Export</Name>
            <Description/>
            <Action>P</Action>
            <AD_Window_ID reference="id"/>
            <AD_Workflow_ID reference="id"/>
            <AD_Task_ID reference="id"/>
            <AD_Org_ID reference="id">0</AD_Org_ID>
            <IsActive>Y</IsActive>
            <IsSummary>N</IsSummary>
            <AD_Process_ID reference="uuid" reference-key="AD_Process">5dbbba95-256f-4c0d-8c20-09b31a3ee1e0</AD_Process_ID>
            <IsSOTrx>Y</IsSOTrx>
            <AD_Form_ID reference="id"/>
            <IsReadOnly>N</IsReadOnly>
            <EntityType>BAY</EntityType>
            <IsCentrallyMaintained>Y</IsCentrallyMaintained>
            <AD_Menu_UU>69a95cef-15cc-464d-b59a-c03a50732b9a</AD_Menu_UU>
            <AD_InfoWindow_ID reference="id"/>
            <PredefinedContextVariables/>
            <AD_Menu_Trl type="translation">
                <Description/>
                <Name>DATEV SSV Export</Name>
                <AD_Language>de_DE</AD_Language>
                <IsActive>Y</IsActive>
                <IsTranslated>Y</IsTranslated>
            </AD_Menu_Trl>
            <AD_Menu_Trl type="translation">
                <Description/>
                <Name>DATEV SSV Export</Name>
                <AD_Language>en_US</AD_Language>
                <IsActive>Y</IsActive>
                <IsTranslated>Y</IsTranslated>
            </AD_Menu_Trl>
        </AD_Menu>
    </AD_Menu>
</idempiere>
