<?xml version="1.0" encoding="UTF-8"?><idempiere Name="AD_ViewColumn" Version="1.0.0" idempiereVersion="10.0.0.202312111140" DataBaseVersion="2022-12-24" Description="" Author="Carlos Ruiz" AuthorEmail="carlos.ruiz@globalqss.com" CreatedDate="Thu Dec 14 16:34:17 CET 2023" UpdatedDate="Thu Dec 14 16:34:17 CET 2023" PackOutVersion="100" UpdateDictionary="false" Client="0-SYSTEM-System" AD_Client_UU="11237b53-9592-4af1-b3c5-afd216514b5d">
    <AD_ViewColumn type="table">
        <AD_Client_ID>0</AD_Client_ID>
        <AD_Org_ID>0</AD_Org_ID>
        <AD_Org_ID reference="id">0</AD_Org_ID>
        <AD_ViewColumn_UU>2e160aac-d66e-4732-aa30-7ec57d760197</AD_ViewColumn_UU>
        <Description>H (Haben)</Description>
        <EntityType>BAY</EntityType>
        <IsActive>Y</IsActive>
        <AD_ViewComponent_ID reference="uuid" reference-key="AD_ViewComponent">6a8b7188-ec26-483e-b6c8-477f693de149</AD_ViewComponent_ID>
        <ColumnName>BX_DATEV_SH</ColumnName>
        <ColumnSQL>NULL</ColumnSQL>
        <Help/>
        <DBDataType/>
        <SeqNo>30</SeqNo>
    </AD_ViewColumn>
</idempiere>
