<?xml version="1.0" encoding="UTF-8"?><idempiere Name="2Pack_1.0.12" Version="1.0.12" idempiereVersion="" DataBaseVersion="" Description="" Author="" AuthorEmail="" CreatedDate="2024-03-11 20:34:14.048" UpdatedDate="2024-04-12 18:37:41.847" PackOutVersion="100" UpdateDictionary="false" Client="0-SYSTEM-System" AD_Client_UU="11237b53-9592-4af1-b3c5-afd216514b5d">
    <AD_ViewComponent type="table">
        <AD_Client_ID>0</AD_Client_ID>
        <AD_Org_ID>0</AD_Org_ID>
        <AD_Org_ID reference="id">0</AD_Org_ID>
        <AD_ViewComponent_UU>133d4192-0f90-48eb-b11f-bc4ababeb0dd</AD_ViewComponent_UU>
        <Description/>
        <EntityType>BAY</EntityType>
        <IsActive>Y</IsActive>
        <Name>DATEV_Invoice</Name>
        <AD_Table_ID reference="uuid" reference-key="AD_Table">c109b038-44c3-4588-8237-f262ae01e2d9</AD_Table_ID>
        <Help/>
        <OtherClause/>
        <Referenced_Table_ID reference="id"/>
        <SeqNo>10</SeqNo>
        <WhereClause>WHERE fib.AD_Table_ID = 318 /* C_Invoice */ AND s.GAAP = 'XD'</WhereClause>
        <FromClause>FROM
Fact_Acct fib
JOIN C_ElementValue evib ON (fib.User2_ID = evib.C_ElementValue_ID AND evib.Value = 'IB')
JOIN C_ElementValue evir ON (fib.User1_ID = evir.C_ElementValue_ID)
JOIN C_Tax t ON (fib.C_Tax_ID = t.C_Tax_ID)
JOIN C_ElementValue evb ON (fib.Account_ID = evb.C_ElementValue_ID)
JOIN C_Invoice i ON (fib.Record_ID = i.C_Invoice_ID)
JOIN C_DocType dt ON (i.C_DocType_ID = dt.C_DocType_ID)
JOIN C_BPartner bp ON (fib.C_BPartner_ID = bp.C_BPartner_ID)
JOIN C_Currency c ON (fib.C_Currency_ID = c.C_Currency_ID)
JOIN C_AcctSchema s ON (fib.C_AcctSchema_ID = s.C_AcctSchema_ID)
JOIN C_InvoiceLine il ON (fib.Line_ID = il.C_InvoiceLine_ID)
LEFT JOIN M_Product p ON (il.M_Product_ID = p.M_Product_ID)
LEFT JOIN Fact_Acct fit ON (fib.AD_Client_ID = fit.AD_Client_ID
    AND fib.AD_Table_ID = fit.AD_Table_ID
    AND fib.Record_ID = fit.Record_ID
    AND fib.Line_ID = fit.Line_ID
    AND fib.C_AcctSchema_ID = fit.C_AcctSchema_ID
    AND EXISTS (SELECT 1 FROM C_ElementValue evit WHERE fit.User2_ID = evit.C_ElementValue_ID AND evit.Value = 'IT'))
JOIN Fact_Acct fip ON (fib.AD_Client_ID = fip.AD_Client_ID
    AND fib.AD_Table_ID = fip.AD_Table_ID
    AND fib.Record_ID = fip.Record_ID
    AND fib.Line_ID = fip.Line_ID
    AND fib.C_AcctSchema_ID = fip.C_AcctSchema_ID)
JOIN C_ElementValue evip ON (fip.User2_ID = evip.C_ElementValue_ID AND evip.Value = 'IP')
JOIN C_ElementValue evp ON (fip.Account_ID = evp.C_ElementValue_ID)</FromClause>
        <IsUnionAll>N</IsUnionAll>
        <IsDistinct>N</IsDistinct>
        <AD_ViewColumn type="table">
            <AD_Client_ID>0</AD_Client_ID>
            <AD_Org_ID>0</AD_Org_ID>
            <AD_Org_ID reference="id">0</AD_Org_ID>
            <AD_ViewColumn_UU>727a38d8-6a21-4efe-b3bd-88c670945c8a</AD_ViewColumn_UU>
            <Description>Show Tax Indicator for Cost Accounts (4%) - Convert BU from 940 to 190 when is selling an Item</Description>
            <EntityType>BAY</EntityType>
            <IsActive>Y</IsActive>
            <AD_ViewComponent_ID reference="uuid" reference-key="AD_ViewComponent">133d4192-0f90-48eb-b11f-bc4ababeb0dd</AD_ViewComponent_ID>
            <ColumnName>BX_DATEV_BU</ColumnName>
            <ColumnSQL>CASE  WHEN (evp.Value LIKE '4%' OR evb.Value LIKE '4%') AND t.TaxIndicator = '940' AND p.ProductType = 'I' THEN    '190'  WHEN (evp.Value LIKE '4%' OR evb.Value LIKE '4%') THEN    t.TaxIndicator  WHEN (evp.Value LIKE '3800%' OR evb.Value LIKE '3800%' OR evp.Value LIKE '3801%' OR evb.Value LIKE '3801%') AND evir.Value = 'G' THEN    '9'  WHEN (evp.Value LIKE '3800%' OR evb.Value LIKE '3800%' OR evp.Value LIKE '3801%' OR evb.Value LIKE '3801%') AND evir.Value = 'EU' THEN    '94'  ELSE    NULL END</ColumnSQL>
            <Help>940 is for Services
190 is for Items

Accounts 3800 and 3801 (Freight costs):
For invoices with those accounts we need:
Germany invoice 19% - BU Schlüssel 9
Intra-EU invoice 0% - BU Schlüssel 94
Extra-EU invoice 0% - no BU Schlüssel
=============
CASE
  WHEN (evp.Value LIKE '4%' OR evb.Value LIKE '4%') AND t.TaxIndicator = '940' AND p.ProductType = 'I' THEN
    '190'
  WHEN (evp.Value LIKE '4%' OR evb.Value LIKE '4%') THEN
    t.TaxIndicator
  WHEN (evp.Value LIKE '3800%' OR evb.Value LIKE '3800%' OR evp.Value LIKE '3801%' OR evb.Value LIKE '3801%') AND evir.Value = 'G' THEN
    '9'
  WHEN (evp.Value LIKE '3800%' OR evb.Value LIKE '3800%' OR evp.Value LIKE '3801%' OR evb.Value LIKE '3801%') AND evir.Value = 'EU' THEN
    '94'
  ELSE
    NULL
 END</Help>
            <DBDataType/>
            <SeqNo>40</SeqNo>
        </AD_ViewColumn>
    </AD_ViewComponent>
    <AD_ViewComponent type="table">
        <AD_Client_ID>0</AD_Client_ID>
        <AD_Org_ID>0</AD_Org_ID>
        <AD_Org_ID reference="id">0</AD_Org_ID>
        <AD_ViewComponent_UU>43a48267-5e72-4a7d-9303-416200e175f9</AD_ViewComponent_UU>
        <Description/>
        <EntityType>BAY</EntityType>
        <IsActive>Y</IsActive>
        <Name>DATEV_Allocation</Name>
        <AD_Table_ID reference="uuid" reference-key="AD_Table">c109b038-44c3-4588-8237-f262ae01e2d9</AD_Table_ID>
        <Help/>
        <OtherClause/>
        <Referenced_Table_ID reference="id"/>
        <SeqNo>20</SeqNo>
        <WhereClause>WHERE fab.AD_Table_ID = 735 /* C_AllocationHdr */ AND s.gaap = 'XD'</WhereClause>
        <FromClause>FROM
Fact_Acct fab
JOIN C_ElementValue evab ON (fab.User2_ID = evab.C_ElementValue_ID AND evab.Value = 'AB')
JOIN C_Tax t ON (fab.C_Tax_ID = t.C_Tax_ID)
JOIN C_ElementValue evb ON (fab.Account_ID = evb.C_ElementValue_ID)
JOIN C_AllocationLine al ON (fab.Line_ID = al.C_AllocationLine_ID)
JOIN C_Invoice i ON (al.C_Invoice_ID = i.C_Invoice_ID)
JOIN C_DocType dt ON (i.C_DocType_ID = dt.C_DocType_ID)
JOIN C_BPartner bp ON (fab.C_BPartner_ID = bp.C_BPartner_ID)
JOIN C_Currency c ON (fab.C_Currency_ID = c.C_Currency_ID)
JOIN C_AcctSchema s ON (fab.C_AcctSchema_ID = s.C_AcctSchema_ID)
JOIN Fact_Acct fap ON (fab.AD_Client_ID = fap.AD_Client_ID
    AND fab.AD_Table_ID = fap.AD_Table_ID
    AND fab.Record_ID = fap.Record_ID
    AND fab.Line_ID = fap.Line_ID
    AND fab.C_AcctSchema_ID = fap.C_AcctSchema_ID)
JOIN C_ElementValue evip ON (fap.User2_ID = evip.C_ElementValue_ID AND evip.Value = 'AP')
JOIN C_ElementValue evir ON (fap.User1_ID = evir.C_ElementValue_ID)
JOIN C_ElementValue evp ON (fap.Account_ID = evp.C_ElementValue_ID)
LEFT JOIN Fact_Acct fad ON (fab.AD_Client_ID = fad.AD_Client_ID
    AND fab.AD_Table_ID = fad.AD_Table_ID
    AND fab.Record_ID = fad.Record_ID
    AND fab.Line_ID = fad.Line_ID
    AND fab.C_AcctSchema_ID = fad.C_AcctSchema_ID
    AND EXISTS (SELECT 1 FROM C_ElementValue evad WHERE fad.User2_ID = evad.C_ElementValue_ID AND evad.Value = 'AD'))</FromClause>
        <IsUnionAll>N</IsUnionAll>
        <IsDistinct>N</IsDistinct>
        <AD_ViewColumn type="table">
            <AD_Client_ID>0</AD_Client_ID>
            <AD_Org_ID>0</AD_Org_ID>
            <AD_Org_ID reference="id">0</AD_Org_ID>
            <AD_ViewColumn_UU>5c3e492d-d38e-400d-af98-669f1413c81a</AD_ViewColumn_UU>
            <Description/>
            <EntityType>BAY</EntityType>
            <IsActive>Y</IsActive>
            <AD_ViewComponent_ID reference="uuid" reference-key="AD_ViewComponent">43a48267-5e72-4a7d-9303-416200e175f9</AD_ViewComponent_ID>
            <ColumnName>BX_DATEV_BU</ColumnName>
            <ColumnSQL>CASE  WHEN (COALESCE(fad.AmtAcctCR,0)-COALESCE(fad.AmtAcctDR,0))!=0 AND i.IsSOTrx='Y' AND evir.Value='EU' THEN    '11'  WHEN (COALESCE(fad.AmtAcctCR,0)-COALESCE(fad.AmtAcctDR,0))!=0 AND i.IsSOTrx='N' AND evir.Value='EU' THEN    '19'  WHEN (COALESCE(fad.AmtAcctCR,0)-COALESCE(fad.AmtAcctDR,0))!=0 AND evir.Value='W' THEN    '40'  ELSE    NULL END</ColumnSQL>
            <Help>Just for discounted payments:

Incoming sales payments for:
Germany invoice 19% - no BU Schlüssel
Intra-EU invoice 0% - BU Schlüssel 11
Extra-EU invoice 0% - BU Schlüssel 40

Outgoing vendor payments for:
Germany invoice 19% - no BU Schlüssel
Intra-EU invoice 0% - BU Schlüssel 19
Extra-EU invoice 0% - BU Schlüssel 40
======================
CASE
  WHEN (COALESCE(fad.AmtAcctCR,0)-COALESCE(fad.AmtAcctDR,0))!=0 AND i.IsSOTrx='Y' AND evir.Value='EU' THEN
    '11'
  WHEN (COALESCE(fad.AmtAcctCR,0)-COALESCE(fad.AmtAcctDR,0))!=0 AND i.IsSOTrx='N' AND evir.Value='EU' THEN
    '19'
  WHEN (COALESCE(fad.AmtAcctCR,0)-COALESCE(fad.AmtAcctDR,0))!=0 AND evir.Value='W' THEN
    '40'
  ELSE
    NULL
 END</Help>
            <DBDataType/>
            <SeqNo>40</SeqNo>
        </AD_ViewColumn>
    </AD_ViewComponent>
    <AD_InfoColumn type="table">
        <AD_Client_ID>0</AD_Client_ID>
        <AD_Org_ID>0</AD_Org_ID>
        <AD_Org_ID reference="id">0</AD_Org_ID>
        <IsActive>Y</IsActive>
        <Name>Datum</Name>
        <Description/>
        <Help/>
        <AD_InfoWindow_ID reference="uuid" reference-key="AD_InfoWindow">4e94676c-c0ea-477d-8363-f03fa65b8c16</AD_InfoWindow_ID>
        <EntityType>BAY</EntityType>
        <SelectClause>a.BX_DATEV_Datum</SelectClause>
        <SeqNo>60</SeqNo>
        <IsDisplayed>Y</IsDisplayed>
        <IsQueryCriteria>Y</IsQueryCriteria>
        <AD_Element_ID reference="uuid" reference-key="AD_Element">e1009b2f-20dc-4dc8-9855-be0948d6dd13</AD_Element_ID>
        <AD_Reference_ID reference="id">15</AD_Reference_ID>
        <AD_InfoColumn_UU>ecec9233-5080-4168-8fa7-5ebfedbe6925</AD_InfoColumn_UU>
        <AD_Reference_Value_ID reference="id"/>
        <AD_Val_Rule_ID reference="id"/>
        <IsCentrallyMaintained>Y</IsCentrallyMaintained>
        <DisplayLogic/>
        <ColumnName>BX_DATEV_Datum</ColumnName>
        <QueryOperator>=</QueryOperator>
        <QueryFunction>Trunc</QueryFunction>
        <IsIdentifier>N</IsIdentifier>
        <SeqNoSelection>20</SeqNoSelection>
        <DefaultValue>@SQL=SELECT firstof(adddays(firstof(getdate(),'MM'),-1),'MM') FROM dual</DefaultValue>
        <IsMandatory>N</IsMandatory>
        <IsKey>N</IsKey>
        <IsReadOnly>Y</IsReadOnly>
        <Placeholder/>
        <InputFieldValidation/>
        <AD_FieldStyle_ID reference="id"/>
        <IsAutocomplete>N</IsAutocomplete>
        <IsQueryAfterChange>N</IsQueryAfterChange>
        <IsRange>Y</IsRange>
        <DefaultValue2>@SQL=SELECT adddays(firstof(getdate(),'MM'),-1) FROM dual</DefaultValue2>
        <Placeholder2/>
        <AD_InfoColumn_Trl type="translation">
            <Description/>
            <Help/>
            <Name>Datum</Name>
            <Placeholder/>
            <Placeholder2/>
            <AD_Language>de_DE</AD_Language>
            <IsActive>Y</IsActive>
            <IsTranslated>N</IsTranslated>
        </AD_InfoColumn_Trl>
        <AD_InfoColumn_Trl type="translation">
            <Description/>
            <Help/>
            <Name>Datum</Name>
            <Placeholder/>
            <Placeholder2/>
            <AD_Language>en_US</AD_Language>
            <IsActive>Y</IsActive>
            <IsTranslated>Y</IsTranslated>
        </AD_InfoColumn_Trl>
    </AD_InfoColumn>
    <AD_InfoColumn type="table">
        <AD_Client_ID>0</AD_Client_ID>
        <AD_Org_ID>0</AD_Org_ID>
        <AD_Org_ID reference="id">0</AD_Org_ID>
        <IsActive>Y</IsActive>
        <Name>Kundennummer</Name>
        <Description/>
        <Help/>
        <AD_InfoWindow_ID reference="uuid" reference-key="AD_InfoWindow">4e94676c-c0ea-477d-8363-f03fa65b8c16</AD_InfoWindow_ID>
        <EntityType>BAY</EntityType>
        <SelectClause>a.BX_DATEV_Kundennummer</SelectClause>
        <SeqNo>130</SeqNo>
        <IsDisplayed>Y</IsDisplayed>
        <IsQueryCriteria>Y</IsQueryCriteria>
        <AD_Element_ID reference="uuid" reference-key="AD_Element">d440a4ab-48a4-49e6-84ce-3ff70d5fe7f6</AD_Element_ID>
        <AD_Reference_ID reference="id">10</AD_Reference_ID>
        <AD_InfoColumn_UU>eb94a690-ab58-4c29-80f1-60ad5c3c7b39</AD_InfoColumn_UU>
        <AD_Reference_Value_ID reference="id"/>
        <AD_Val_Rule_ID reference="id"/>
        <IsCentrallyMaintained>Y</IsCentrallyMaintained>
        <DisplayLogic/>
        <ColumnName>BX_DATEV_Kundennummer</ColumnName>
        <QueryOperator>Like</QueryOperator>
        <QueryFunction/>
        <IsIdentifier>N</IsIdentifier>
        <SeqNoSelection>30</SeqNoSelection>
        <DefaultValue/>
        <IsMandatory>N</IsMandatory>
        <IsKey>N</IsKey>
        <IsReadOnly>Y</IsReadOnly>
        <Placeholder/>
        <InputFieldValidation/>
        <AD_FieldStyle_ID reference="id"/>
        <IsAutocomplete>N</IsAutocomplete>
        <IsQueryAfterChange>N</IsQueryAfterChange>
        <IsRange>N</IsRange>
        <DefaultValue2/>
        <Placeholder2/>
        <AD_InfoColumn_Trl type="translation">
            <Description/>
            <Help/>
            <Name>Kundennummer</Name>
            <Placeholder/>
            <Placeholder2/>
            <AD_Language>de_DE</AD_Language>
            <IsActive>Y</IsActive>
            <IsTranslated>N</IsTranslated>
        </AD_InfoColumn_Trl>
        <AD_InfoColumn_Trl type="translation">
            <Description/>
            <Help/>
            <Name>Kundennummer</Name>
            <Placeholder/>
            <Placeholder2/>
            <AD_Language>en_US</AD_Language>
            <IsActive>Y</IsActive>
            <IsTranslated>Y</IsTranslated>
        </AD_InfoColumn_Trl>
    </AD_InfoColumn>
    <AD_InfoColumn type="table">
        <AD_Client_ID>0</AD_Client_ID>
        <AD_Org_ID>0</AD_Org_ID>
        <AD_Org_ID reference="id">0</AD_Org_ID>
        <IsActive>Y</IsActive>
        <Name>Belegfeld 1</Name>
        <Description>Rechnungs-/Belegnummer</Description>
        <Help/>
        <AD_InfoWindow_ID reference="uuid" reference-key="AD_InfoWindow">4e94676c-c0ea-477d-8363-f03fa65b8c16</AD_InfoWindow_ID>
        <EntityType>BAY</EntityType>
        <SelectClause>a.BX_DATEV_Belegfeld_1</SelectClause>
        <SeqNo>50</SeqNo>
        <IsDisplayed>Y</IsDisplayed>
        <IsQueryCriteria>Y</IsQueryCriteria>
        <AD_Element_ID reference="uuid" reference-key="AD_Element">fbc45096-6bf3-4392-ade6-4772f281c9b2</AD_Element_ID>
        <AD_Reference_ID reference="id">10</AD_Reference_ID>
        <AD_InfoColumn_UU>c1f69305-8e8d-47bf-8d3c-7550c04ad878</AD_InfoColumn_UU>
        <AD_Reference_Value_ID reference="id"/>
        <AD_Val_Rule_ID reference="id"/>
        <IsCentrallyMaintained>Y</IsCentrallyMaintained>
        <DisplayLogic/>
        <ColumnName>BX_DATEV_Belegfeld_1</ColumnName>
        <QueryOperator>Like</QueryOperator>
        <QueryFunction/>
        <IsIdentifier>N</IsIdentifier>
        <SeqNoSelection>10</SeqNoSelection>
        <DefaultValue/>
        <IsMandatory>N</IsMandatory>
        <IsKey>N</IsKey>
        <IsReadOnly>Y</IsReadOnly>
        <Placeholder/>
        <InputFieldValidation/>
        <AD_FieldStyle_ID reference="id"/>
        <IsAutocomplete>N</IsAutocomplete>
        <IsQueryAfterChange>N</IsQueryAfterChange>
        <IsRange>N</IsRange>
        <DefaultValue2/>
        <Placeholder2/>
        <AD_InfoColumn_Trl type="translation">
            <Description>Rechnungs-/Belegnummer</Description>
            <Help/>
            <Name>Belegfeld 1</Name>
            <Placeholder/>
            <Placeholder2/>
            <AD_Language>de_DE</AD_Language>
            <IsActive>Y</IsActive>
            <IsTranslated>N</IsTranslated>
        </AD_InfoColumn_Trl>
        <AD_InfoColumn_Trl type="translation">
            <Description>Rechnungs-/Belegnummer</Description>
            <Help/>
            <Name>Belegfeld 1</Name>
            <Placeholder/>
            <Placeholder2/>
            <AD_Language>en_US</AD_Language>
            <IsActive>Y</IsActive>
            <IsTranslated>Y</IsTranslated>
        </AD_InfoColumn_Trl>
    </AD_InfoColumn>
</idempiere>
