<?xml version="1.0" encoding="UTF-8"?><idempiere Name="2Pack_1.0.3" Version="1.0.3" idempiereVersion="" DataBaseVersion="" Description="" Author="" AuthorEmail="info@bx-service.com" CreatedDate="2023-01-30 19:13:41.549" UpdatedDate="2023-01-30 19:13:41.549" PackOutVersion="100" UpdateDictionary="false" Client="0-SYSTEM-System" AD_Client_UU="11237b53-9592-4af1-b3c5-afd216514b5d">
    <AD_ViewColumn type="table">
        <AD_Client_ID>0</AD_Client_ID>
        <AD_Org_ID>0</AD_Org_ID>
        <AD_Org_ID reference="id">0</AD_Org_ID>
        <AD_ViewColumn_UU>727a38d8-6a21-4efe-b3bd-88c670945c8a</AD_ViewColumn_UU>
        <Description/>
        <EntityType>BAY</EntityType>
        <IsActive>Y</IsActive>
        <AD_ViewComponent_ID reference="uuid" reference-key="AD_ViewComponent">133d4192-0f90-48eb-b11f-bc4ababeb0dd</AD_ViewComponent_ID>
        <ColumnName>bx_datev_bu</ColumnName>
        <ColumnSQL>CASE WHEN ed.Value BETWEEN '4000' AND '4999' OR ec.Value BETWEEN '4000' AND '4999' THEN t.TaxIndicator ELSE NULL END</ColumnSQL>
        <Help/>
        <DBDataType/>
        <SeqNo>40</SeqNo>
    </AD_ViewColumn>
    <AD_ViewColumn type="table">
        <AD_Client_ID>0</AD_Client_ID>
        <AD_Org_ID>0</AD_Org_ID>
        <AD_Org_ID reference="id">0</AD_Org_ID>
        <AD_ViewColumn_UU>a5a9235c-d096-4bc5-8db7-0ae07c8aad02</AD_ViewColumn_UU>
        <Description/>
        <EntityType>BAY</EntityType>
        <IsActive>Y</IsActive>
        <AD_ViewComponent_ID reference="uuid" reference-key="AD_ViewComponent">133d4192-0f90-48eb-b11f-bc4ababeb0dd</AD_ViewComponent_ID>
        <ColumnName>bx_datev_eu_informationen</ColumnName>
        <ColumnSQL>bp.TaxId</ColumnSQL>
        <Help/>
        <DBDataType/>
        <SeqNo>110</SeqNo>
    </AD_ViewColumn>
    <AD_ViewColumn type="table">
        <AD_Client_ID>0</AD_Client_ID>
        <AD_Org_ID>0</AD_Org_ID>
        <AD_Org_ID reference="id">0</AD_Org_ID>
        <AD_ViewColumn_UU>5c3e492d-d38e-400d-af98-669f1413c81a</AD_ViewColumn_UU>
        <Description/>
        <EntityType>BAY</EntityType>
        <IsActive>Y</IsActive>
        <AD_ViewComponent_ID reference="uuid" reference-key="AD_ViewComponent">43a48267-5e72-4a7d-9303-416200e175f9</AD_ViewComponent_ID>
        <ColumnName>bx_datev_bu</ColumnName>
        <ColumnSQL>NULL</ColumnSQL>
        <Help/>
        <DBDataType/>
        <SeqNo>40</SeqNo>
    </AD_ViewColumn>
    <AD_ViewColumn type="table">
        <AD_Client_ID>0</AD_Client_ID>
        <AD_Org_ID>0</AD_Org_ID>
        <AD_Org_ID reference="id">0</AD_Org_ID>
        <AD_ViewColumn_UU>f8437a6c-b0ec-48e4-aa7d-0d47e47a84cb</AD_ViewColumn_UU>
        <Description/>
        <EntityType>BAY</EntityType>
        <IsActive>Y</IsActive>
        <AD_ViewComponent_ID reference="uuid" reference-key="AD_ViewComponent">43a48267-5e72-4a7d-9303-416200e175f9</AD_ViewComponent_ID>
        <ColumnName>bx_datev_eu_informationen</ColumnName>
        <ColumnSQL>bp.TaxId</ColumnSQL>
        <Help/>
        <DBDataType/>
        <SeqNo>110</SeqNo>
    </AD_ViewColumn>
</idempiere>
